Date,Open,High,Low,Close,FW Moving Average 25
7/13/2016,215.42,215.45,214.35,214.92,209.45
7/14/2016,216.34,216.67,215.66,216.12,210.00
7/15/2016,216.79,217.01,215.31,215.83,210.52
7/18/2016,215.95,216.60,215.67,216.41,211.07
7/19/2016,215.88,216.23,215.63,216.19,211.58
7/20/2016,216.75,217.37,216.24,217.09,212.14
7/21/2016,216.92,217.22,215.75,216.27,212.61
7/22/2016,216.39,217.30,216.10,217.24,213.12
7/25/2016,217.00,217.06,215.97,216.65,213.56
7/26/2016,216.53,217.17,215.76,216.75,213.98
7/27/2016,217.17,217.27,215.62,216.52,214.36
7/28/2016,216.26,217.11,215.75,216.77,214.73
7/29/2016,216.45,217.54,216.13,217.12,215.09
8/1/2016,217.15,217.65,216.41,216.94,215.43
8/2/2016,216.64,216.83,214.57,215.55,215.62
8/3/2016,215.45,216.25,215.13,216.18,215.80
8/4/2016,216.30,216.78,214.25,216.41,215.96
8/5/2016,217.19,218.23,217.07,218.18,216.23
8/8/2016,218.39,218.52,217.74,218.05,216.47
8/9/2016,218.12,218.76,217.80,218.18,216.68
8/10/2016,218.29,218.40,217.23,217.64,216.83
8/11/2016,218.25,218.94,217.95,218.65,217.03
8/12/2016,218.26,218.71,217.99,218.46,217.19
8/15/2016,218.89,219.50,218.88,219.09,217.37
8/16/2016,218.56,218.68,217.96,217.96,217.46
8/17/2016,217.98,218.53,217.02,218.37,217.56
8/18/2016,218.31,218.90,218.21,218.86,217.69
8/19/2016,218.34,218.75,217.74,218.54,217.79
8/22/2016,218.25,218.80,217.83,218.53,217.88
8/23/2016,219.23,219.60,218.90,218.97,218.00
8/24/2016,218.80,218.91,217.36,217.85,218.02
8/25/2016,217.40,218.19,217.22,217.70,218.03
8/26/2016,217.90,219.12,216.25,217.29,218.00
8/29/2016,217.43,218.67,217.40,218.36,218.06
8/30/2016,218.25,218.59,217.35,218.00,218.08
8/31/2016,217.64,217.75,216.47,217.38,218.05
9/1/2016,217.38,217.73,216.03,217.39,218.02
9/2/2016,218.36,218.87,217.70,218.37,218.06
9/6/2016,218.72,219.12,217.86,219.03,218.15
9/7/2016,218.84,219.22,218.30,219.01,218.23
9/8/2016,218.60,218.94,218.15,218.51,218.26
9/9/2016,217.00,217.03,213.25,213.28,217.88
9/12/2016,212.39,216.81,212.31,216.34,217.75
9/13/2016,214.85,215.15,212.50,213.23,217.38
9/14/2016,213.29,214.70,212.50,213.15,217.03
9/15/2016,213.00,215.73,212.75,215.28,216.85
9/16/2016,213.50,213.69,212.57,213.37,216.53
9/19/2016,214.10,214.88,213.03,213.41,216.23
9/20/2016,214.43,214.59,213.38,213.42,215.95
9/21/2016,214.22,216.03,213.44,215.82,215.87
9/22/2016,216.99,217.53,216.71,217.18,215.90
9/23/2016,216.73,216.88,215.88,215.99,215.84
9/26/2016,215.02,215.23,214.01,214.24,215.66
9/27/2016,214.03,215.68,213.62,215.57,215.59
9/28/2016,215.81,216.82,214.71,216.64,215.62
9/29/2016,216.39,216.87,214.04,214.68,215.50
9/30/2016,215.67,217.12,215.36,216.30,215.51
10/3/2016,215.81,216.04,215.04,215.78,215.49
10/4/2016,215.86,216.17,213.99,214.68,215.39
10/5/2016,215.37,216.13,215.33,215.63,215.37
10/6/2016,215.39,216.04,214.74,215.78,215.38
10/7/2016,216.06,216.30,214.19,215.04,215.33
10/10/2016,216.14,216.70,215.99,216.16,215.37
10/11/2016,215.64,215.74,212.58,213.43,215.21
10/12/2016,213.61,214.32,213.01,213.71,215.09
10/13/2016,212.15,213.59,211.21,213.01,214.93
10/14/2016,214.14,214.69,213.03,213.12,214.80
10/17/2016,213.07,213.39,212.17,212.38,214.61
10/18/2016,214.24,214.31,213.27,213.71,214.54
10/19/2016,214.00,214.64,213.60,214.28,214.50
10/20/2016,213.85,214.53,213.11,213.88,214.44
10/21/2016,212.95,214.08,212.76,213.98,214.38
10/24/2016,214.98,215.32,214.48,214.89,214.40
10/25/2016,214.70,214.98,213.98,214.17,214.35
10/26/2016,213.22,214.42,212.93,213.74,214.27
10/27/2016,214.57,214.62,213.08,213.17,214.15
10/28/2016,213.13,213.93,211.71,212.54,213.99
10/31/2016,212.95,213.19,212.36,212.55,213.85
11/1/2016,212.90,212.99,209.60,211.01,213.59
11/2/2016,210.67,211.10,209.23,209.74,213.25
11/3/2016,210.01,210.24,208.46,208.78,212.86
11/4/2016,208.91,209.89,208.38,208.55,212.47
11/7/2016,211.47,213.19,211.30,213.15,212.45
11/8/2016,212.72,214.77,212.38,214.11,212.52
11/9/2016,212.47,217.10,212.34,216.38,212.76
11/10/2016,217.35,218.31,215.22,216.92,213.04
11/11/2016,216.13,216.70,215.32,216.42,213.28
11/14/2016,216.99,217.27,215.72,216.59,213.53
11/15/2016,217.00,218.28,216.80,218.28,213.91
11/16/2016,217.52,218.14,217.42,217.87,214.24
11/17/2016,218.04,219.06,217.92,218.99,214.65
11/18/2016,219.04,219.27,218.29,218.50,214.99
11/21/2016,219.19,220.18,219.00,220.15,215.45
11/22/2016,220.49,220.79,219.73,220.58,215.92
11/23/2016,220.00,220.76,219.75,220.70,216.38
11/25/2016,221.12,221.56,221.01,221.52,216.88
11/28/2016,221.19,221.48,220.36,220.48,217.27
11/29/2016,220.58,221.44,220.17,220.91,217.68
11/30/2016,221.65,221.82,220.31,220.38,218.03
12/1/2016,220.73,220.73,219.15,219.57,218.30
12/2/2016,219.70,220.25,219.26,219.68,218.56
12/5/2016,220.67,221.40,220.42,221.00,218.90
12/6/2016,221.24,221.74,220.66,221.70,219.27
12/7/2016,221.50,224.67,221.38,224.60,219.83
12/8/2016,224.58,225.70,224.26,225.15,220.40
12/9/2016,225.44,226.53,225.37,226.51,221.02
12/12/2016,226.42,226.96,225.76,226.25,221.56
12/13/2016,227.01,228.34,227.00,227.76,222.17
12/14/2016,227.41,228.23,225.37,225.88,222.59
12/15/2016,226.13,227.81,225.89,226.81,223.04
12/16/2016,225.99,226.08,224.67,225.04,223.33
12/19/2016,225.24,226.02,225.08,225.53,223.63
12/20/2016,226.16,226.57,225.88,226.40,223.96
12/21/2016,226.27,226.45,225.77,225.77,224.22
12/22/2016,225.61,225.74,224.92,225.38,224.43
12/23/2016,225.42,225.72,225.21,225.71,224.64
12/27/2016,226.00,226.73,226.00,226.27,224.87
12/28/2016,226.59,226.59,224.27,224.40,224.93
12/29/2016,224.47,224.89,223.84,224.35,224.97
12/30/2016,224.71,224.83,222.73,223.53,224.94
1/3/2017,225.07,225.83,223.88,225.24,225.04
1/4/2017,225.64,226.75,225.61,226.58,225.22
1/5/2017,226.28,226.58,225.48,226.40,225.38
1/6/2017,226.53,227.75,225.90,227.21,225.57
1/9/2017,226.90,227.07,226.42,226.46,225.69
1/10/2017,226.47,227.45,226.01,226.46,225.79
1/11/2017,226.38,227.10,225.59,227.10,225.92
1/12/2017,226.50,226.75,224.96,226.53,225.98
1/13/2017,226.75,227.40,226.69,227.05,226.07
1/17/2017,226.30,226.78,225.80,226.25,226.09
1/18/2017,226.52,226.80,225.90,226.75,226.15
1/19/2017,226.83,227.00,225.41,225.91,226.14
1/20/2017,226.73,227.31,225.97,226.74,226.19
1/23/2017,226.37,226.81,225.27,226.15,226.20
1/24/2017,226.40,228.08,226.27,227.60,226.33
1/25/2017,228.70,229.57,228.51,229.57,226.60
1/26/2017,229.42,229.71,229.01,229.33,226.84
1/27/2017,229.44,229.59,228.76,228.97,227.04
1/30/2017,228.18,228.20,226.41,227.55,227.12
1/31/2017,227.01,227.60,226.32,227.53,227.20
2/1/2017,228.28,228.59,226.94,227.62,227.27
2/2/2017,227.24,228.10,226.82,227.77,227.36
2/3/2017,228.85,229.55,228.46,229.34,227.55
2/6/2017,228.89,229.33,228.54,228.93,227.71
2/7/2017,229.36,229.66,228.72,228.94,227.84
2/8/2017,228.59,229.39,228.31,229.24,227.99
2/9/2017,229.57,230.95,229.52,230.60,228.23
2/10/2017,231.00,231.77,230.62,231.51,228.52
2/13/2017,232.09,233.07,232.05,232.77,228.90
2/14/2017,232.55,233.71,232.16,233.70,229.33
2/15/2017,233.43,235.14,233.39,234.92,229.83
2/16/2017,234.93,235.16,233.85,234.72,230.29
2/17/2017,233.97,235.09,233.93,235.09,230.75
2/21/2017,235.51,236.69,235.51,236.49,231.30
2/22/2017,236.02,236.54,235.83,236.28,231.80
2/23/2017,236.90,236.90,235.56,236.44,232.28
2/24/2017,235.42,236.79,235.41,236.74,232.76
2/27/2017,236.61,237.31,236.35,237.11,233.23
2/28/2017,236.71,236.95,236.02,236.47,233.62
3/1/2017,238.40,240.32,238.37,239.78,234.24
3/2/2017,239.57,239.57,238.21,238.27,234.70
3/3/2017,238.19,238.61,237.73,238.42,235.14
3/6/2017,237.48,238.12,237.01,237.71,235.50
3/7/2017,237.39,237.77,236.76,237.00,235.78
3/8/2017,237.31,237.64,236.40,236.56,236.00
3/9/2017,236.71,237.24,235.74,236.86,236.21
3/10/2017,237.95,238.02,236.59,237.69,236.46
3/13/2017,237.59,237.86,237.24,237.81,236.69
3/14/2017,237.22,237.24,236.19,236.90,236.82
3/15/2017,237.56,239.44,237.29,238.95,237.08
3/16/2017,239.12,239.20,238.10,238.48,237.28
3/17/2017,237.75,237.97,237.03,237.03,237.33
3/20/2017,237.01,237.36,236.32,236.77,237.35
3/21/2017,237.49,237.61,233.58,233.73,237.12
3/22/2017,233.73,234.61,233.05,234.28,236.92
3/23/2017,233.98,235.34,233.60,234.03,236.71
3/24/2017,234.35,235.04,232.96,233.86,236.49
3/27/2017,231.97,233.92,231.61,233.62,236.24
3/28/2017,233.32,235.81,233.14,235.32,236.14
3/29/2017,235.00,235.81,234.73,235.54,236.05
3/30/2017,235.50,236.52,235.27,236.29,236.03
3/31/2017,235.91,236.51,235.68,235.74,235.96
4/3/2017,235.79,236.03,233.91,235.33,235.87
4/4/2017,235.00,235.58,234.56,235.48,235.79
4/5/2017,236.26,237.39,234.54,234.78,235.66
4/6/2017,234.96,236.04,234.43,235.44,235.60
4/7/2017,235.18,236.00,234.64,235.20,235.52
4/10/2017,235.36,236.26,234.73,235.34,235.47
4/11/2017,234.90,235.18,233.34,235.06,235.41
4/12/2017,234.80,234.96,233.77,234.03,235.27
4/13/2017,233.65,234.49,232.51,232.51,235.02
4/17/2017,233.12,234.57,232.88,234.57,234.94
4/18/2017,233.71,234.49,233.08,233.87,234.82
4/19/2017,234.52,234.95,233.18,233.44,234.68
4/20/2017,234.14,235.85,233.78,235.34,234.69
4/21/2017,235.22,235.31,234.13,234.59,234.66
4/24/2017,237.17,237.41,236.61,237.17,234.84
4/25/2017,237.93,238.95,237.81,238.55,235.12
4/26/2017,238.53,239.53,238.35,238.40,235.39
4/27/2017,238.74,238.95,237.98,238.60,235.66
4/28/2017,238.93,238.93,237.93,238.08,235.87
5/1/2017,238.66,239.17,238.20,238.68,236.12
5/2/2017,238.82,238.98,238.30,238.77,236.36
5/3/2017,238.29,238.88,237.70,238.48,236.57
5/4/2017,238.81,238.92,237.78,238.76,236.78
5/5/2017,239.16,239.72,238.68,239.70,237.06
5/8/2017,239.77,239.92,239.17,239.66,237.32
5/9/2017,239.94,240.19,239.04,239.44,237.56
5/10/2017,239.37,239.87,239.15,239.87,237.81
5/11/2017,239.31,239.57,238.13,239.38,238.01
5/12/2017,239.05,239.43,238.67,238.98,238.17
5/15/2017,239.49,240.44,239.45,240.30,238.42
5/16/2017,240.64,240.67,239.63,240.08,238.64
5/17/2017,238.09,238.64,235.75,235.82,238.51
5/18/2017,235.70,237.75,235.43,236.77,238.46
5/19/2017,237.36,239.08,237.27,238.31,238.51
5/22/2017,238.87,239.71,238.82,239.52,238.64
5/23/2017,239.98,240.24,239.51,240.05,238.80
5/24/2017,240.33,240.73,239.93,240.61,238.98
5/25/2017,241.22,242.08,240.96,241.76,239.23
5/26/2017,241.59,241.90,241.45,241.71,239.45
5/30/2017,241.32,241.79,241.16,241.50,239.63
5/31/2017,241.84,241.88,240.64,241.44,239.80
6/1/2017,241.97,243.38,241.64,243.36,240.11
6/2/2017,243.45,244.35,243.08,244.17,240.46
6/5/2017,244.02,244.30,243.76,243.99,240.78
6/6/2017,243.34,243.98,243.12,243.21,241.02
6/7/2017,243.61,243.92,242.83,243.66,241.29
6/8/2017,243.80,244.33,243.17,243.78,241.55
6/9/2017,244.07,245.01,241.95,243.41,241.76
6/12/2017,243.09,243.42,242.38,243.36,241.96
6/13/2017,243.98,244.61,243.58,244.55,242.23
6/14/2017,244.86,244.87,243.29,244.24,242.47
6/15/2017,242.69,243.91,242.36,243.77,242.65
6/16/2017,242.83,242.83,241.63,242.64,242.74
6/19/2017,243.61,244.73,243.48,244.66,242.97
6/20/2017,244.23,244.26,242.99,243.01,243.06
6/21/2017,243.46,243.59,242.41,242.95,243.14
6/22/2017,242.96,243.53,242.64,242.84,243.19
6/23/2017,242.88,243.51,242.47,243.13,243.25
6/26/2017,243.93,244.38,243.05,243.29,243.30
6/27/2017,243.01,243.38,241.31,241.33,243.19
6/28/2017,242.51,243.72,242.23,243.49,243.23
6/29/2017,243.62,243.72,239.96,241.35,243.11
6/30/2017,242.30,242.71,241.58,241.80,243.01
7/3/2017,242.90,243.38,242.21,242.21,242.94
7/5/2017,242.61,243.01,241.70,242.77,242.92
7/6/2017,241.86,242.03,240.34,240.55,242.72
7/7/2017,241.18,242.28,240.56,242.11,242.64
7/10/2017,241.98,242.80,241.76,242.37,242.59
7/11/2017,242.12,242.55,240.85,242.19,242.53
7/12/2017,243.31,244.20,243.30,244.01,242.61
7/13/2017,244.02,244.55,243.76,244.42,242.73
7/14/2017,244.40,245.97,244.31,245.56,242.93
7/17/2017,245.44,245.91,245.33,245.53,243.12
7/18/2017,245.06,245.72,244.67,245.66,243.31
7/19/2017,246.01,247.00,246.01,246.99,243.60
7/20/2017,247.25,247.42,246.47,247.10,243.90
7/21/2017,246.43,246.91,246.18,246.88,244.16
7/24/2017,246.81,246.98,246.28,246.82,244.41
7/25/2017,247.70,247.80,247.16,247.42,244.70
7/26/2017,247.78,247.79,247.13,247.43,244.97
7/27/2017,247.96,248.00,245.68,247.20,245.22
7/28/2017,246.70,247.06,246.13,246.91,245.43
7/31/2017,247.38,247.48,246.53,246.77,245.62
8/1/2017,247.45,247.50,246.72,247.32,245.83
8/2/2017,247.47,247.60,246.37,247.44,246.05
8/3/2017,247.31,247.34,246.64,246.96,246.21
8/4/2017,247.52,247.79,246.97,247.41,246.39
8/7/2017,247.50,247.87,247.37,247.87,246.59
8/8/2017,247.49,248.91,246.83,247.26,246.73
8/9/2017,246.46,247.31,246.06,247.25,246.84
8/10/2017,246.30,246.44,243.70,243.76,246.68
8/11/2017,244.00,244.80,243.75,244.12,246.53
8/14/2017,245.55,246.79,245.55,246.54,246.57
8/15/2017,247.00,247.00,246.16,246.51,246.58
8/16/2017,247.09,247.57,246.45,246.94,246.62
8/17/2017,246.26,246.60,243.09,243.09,246.35
8/18/2017,242.95,244.19,242.20,242.71,246.06
8/21/2017,242.64,243.20,241.83,242.90,245.79
8/22/2017,243.60,245.62,243.55,245.44,245.73
8/23/2017,244.34,245.05,244.16,244.56,245.60
8/24/2017,245.00,245.18,243.75,243.99,245.43
8/25/2017,244.89,245.61,244.39,244.56,245.31
8/28/2017,245.17,245.20,244.09,244.57,245.20
8/29/2017,243.13,245.15,242.93,244.85,245.12
8/30/2017,244.86,246.32,244.62,246.01,245.14
8/31/2017,246.75,247.77,246.05,247.49,245.28
9/1/2017,247.98,248.33,247.67,247.84,245.44
9/5/2017,247.27,247.52,244.95,246.06,245.46
9/6/2017,246.87,247.28,246.23,246.90,245.55
9/7/2017,247.27,247.27,246.40,246.87,245.64
9/8/2017,246.54,247.11,246.30,246.58,245.71
9/11/2017,248.04,249.30,248.02,249.21,245.98
9/12/2017,249.64,250.09,249.42,250.05,246.31
9/13/2017,249.73,250.21,249.59,250.17,246.64
9/14/2017,249.83,250.32,249.60,250.09,246.96
9/15/2017,248.70,249.29,248.57,249.19,247.20
9/18/2017,249.62,250.12,249.28,249.72,247.47
9/19/2017,250.00,250.07,249.60,249.97,247.73
9/20/2017,250.07,250.19,248.92,250.06,247.99
9/21/2017,249.87,249.98,249.19,249.39,248.19
9/22/2017,249.06,249.63,249.02,249.44,248.39
9/25/2017,249.16,249.55,248.08,248.93,248.53
9/26/2017,249.45,249.70,248.81,249.08,248.66
9/27/2017,249.89,250.49,248.87,250.05,248.84
9/28/2017,249.73,250.44,249.63,250.35,249.04
9/29/2017,250.37,251.32,250.13,251.23,249.28
10/2/2017,251.50,252.32,251.29,252.32,249.59
10/3/2017,252.48,252.89,252.23,252.86,249.91
10/4/2017,252.72,253.44,252.56,253.16,250.23
10/5/2017,253.54,254.68,253.20,254.66,250.64
10/6/2017,254.16,254.70,253.85,254.37,251.00
10/9/2017,254.65,254.70,253.65,253.95,251.31
10/10/2017,254.59,255.05,253.98,254.62,251.65
10/11/2017,254.53,255.02,254.32,255.02,252.00
10/12/2017,254.68,255.06,254.37,254.64,252.29
10/13/2017,255.15,255.27,254.64,254.95,252.58
10/16/2017,255.20,255.51,254.82,255.29,252.87
10/17/2017,255.24,255.52,254.98,255.47,253.16
10/18/2017,255.92,255.95,255.50,255.72,253.45
10/19/2017,254.83,255.83,254.35,255.79,253.73
10/20/2017,256.73,257.14,255.77,257.11,254.09
10/23/2017,257.51,257.51,256.02,256.11,254.35
10/24/2017,256.56,256.83,256.15,256.56,254.62
10/25/2017,256.23,256.31,254.00,255.29,254.78
10/26/2017,256.01,256.30,255.48,255.62,254.95
10/27/2017,256.47,257.89,255.63,257.71,255.25
10/30/2017,257.09,257.60,256.41,256.75,255.46
10/31/2017,257.21,257.44,256.81,257.15,255.68
11/1/2017,258.10,258.43,257.07,257.49,255.90
11/2/2017,257.43,257.75,256.19,257.59,256.10
11/3/2017,257.82,258.50,257.30,258.45,256.34
11/6/2017,258.31,259.00,258.22,258.85,256.60
11/7/2017,259.00,259.35,258.09,258.67,256.82
11/8/2017,258.46,259.22,258.15,259.11,257.05
11/9/2017,257.74,258.39,256.36,258.17,257.20
11/10/2017,257.71,258.29,257.37,258.09,257.33
11/13/2017,257.32,258.59,257.27,258.33,257.46
11/14/2017,257.44,257.85,256.52,257.73,257.54
11/15/2017,256.62,257.22,255.63,256.44,257.51
11/16/2017,257.52,259.04,257.47,258.62,257.64
11/17/2017,258.20,258.59,257.77,257.86,257.70
11/20/2017,258.15,258.52,257.86,258.30,257.78
11/21/2017,259.19,260.20,258.26,259.99,257.99
11/22/2017,260.07,260.15,259.57,259.76,258.16
11/24/2017,260.32,260.48,260.16,260.36,258.37
11/27/2017,260.38,260.75,260.00,260.23,258.55
11/28/2017,260.79,262.90,260.66,262.87,258.93
11/29/2017,263.05,263.63,262.20,262.71,259.27
11/30/2017,263.80,266.05,263.67,265.01,259.78
12/1/2017,264.80,265.31,260.76,264.46,260.20
12/4/2017,266.38,266.80,264.08,264.14,260.58
12/5/2017,264.40,265.15,263.04,263.19,260.87
12/6/2017,262.84,263.73,262.71,263.24,261.14
12/7/2017,263.08,264.43,262.94,264.07,261.45
12/8/2017,265.00,265.52,264.03,265.51,261.86
12/11/2017,265.60,266.38,265.48,266.31,262.30
12/12/2017,266.60,267.32,266.35,266.78,262.75
12/13/2017,267.05,267.56,266.65,266.75,263.18
12/14/2017,267.09,267.22,265.60,265.66,263.50
12/15/2017,265.54,267.04,265.39,266.51,263.86
12/18/2017,268.10,268.60,267.98,268.20,264.33
12/19/2017,268.51,268.53,267.09,267.17,264.69
12/20/2017,268.25,268.33,266.69,267.03,265.01
12/21/2017,267.73,268.39,267.30,267.58,265.34
12/22/2017,267.61,267.64,266.90,267.51,265.63
12/26/2017,267.02,267.44,266.89,267.19,265.87
12/27/2017,267.35,267.73,267.01,267.32,266.10
12/28/2017,267.87,267.92,267.45,267.87,266.33
12/29/2017,268.55,268.55,266.64,266.86,266.47
1/2/2018,267.86,268.81,267.40,268.77,266.73
1/3/2018,268.99,270.64,268.96,270.47,267.10
1/4/2018,271.22,272.16,270.54,271.61,267.52
1/5/2018,272.56,273.56,271.95,273.42,268.05
1/8/2018,273.32,274.10,272.98,273.92,268.59
1/9/2018,274.43,275.25,274.08,274.54,269.15
1/10/2018,273.71,274.42,272.92,274.12,269.65
1/11/2018,274.75,276.12,274.56,276.12,270.27
1/12/2018,276.43,278.11,276.08,277.92,270.99
1/16/2018,279.42,280.09,276.18,276.97,271.59
1/17/2018,278.07,280.05,276.97,279.61,272.35
1/18/2018,279.51,279.96,278.58,279.14,273.03
1/19/2018,279.70,280.41,279.14,280.41,273.78
1/22/2018,280.16,282.69,280.11,282.69,274.65
1/23/2018,282.76,283.62,282.37,283.29,275.52
1/24/2018,284.03,284.70,281.84,283.18,276.33
1/25/2018,284.16,284.27,282.41,283.30,277.10
1/26/2018,284.32,286.63,283.96,286.58,278.08
1/29/2018,285.99,286.43,284.50,284.68,278.84
1/30/2018,283.20,284.74,281.22,281.76,279.33
1/31/2018,282.75,283.30,280.68,281.90,279.79
2/1/2018,281.10,283.06,280.68,281.58,280.18
2/2/2018,280.00,280.23,275.41,275.45,280.05
2/5/2018,273.47,275.85,263.31,263.93,279.01
2/6/2018,259.73,269.70,258.70,269.13,278.38
2/7/2018,268.46,272.36,267.58,267.67,277.63
2/8/2018,268.00,268.17,257.59,257.63,276.12
2/9/2018,260.94,263.61,252.92,261.50,274.94
2/12/2018,263.89,267.01,261.66,265.34,274.09
2/13/2018,264.00,266.62,263.31,266.00,273.31
2/14/2018,264.40,270.00,264.30,269.59,272.83
2/15/2018,271.56,273.04,268.77,273.03,272.64
2/16/2018,272.27,275.32,272.27,273.11,272.45
2/20/2018,272.00,273.67,270.50,271.40,272.14
2/21/2018,271.85,274.72,269.94,270.05,271.75
2/22/2018,271.09,273.05,269.64,270.40,271.41
2/23/2018,271.84,274.71,271.25,274.71,271.42
2/26/2018,275.90,278.01,275.26,277.90,271.70
2/27/2018,278.11,278.92,274.36,274.43,271.71
2/28/2018,275.65,276.19,271.29,271.65,271.54
3/1/2018,271.50,273.17,266.00,267.70,271.10
3/2/2018,265.75,269.72,264.82,269.08,270.81
3/5/2018,267.75,272.89,267.61,272.19,270.80
3/6/2018,273.28,273.39,271.18,272.88,270.90
3/7/2018,270.39,273.18,270.20,272.78,271.02
3/8/2018,273.52,274.24,272.42,274.10,271.27
3/9/2018,275.69,278.87,275.34,278.87,271.91
3/12/2018,279.20,279.91,278.08,278.52,272.53
3/13/2018,279.84,280.41,276.03,276.72,273.01
3/14/2018,277.81,278.02,274.67,275.30,273.34
3/15/2018,275.85,276.61,274.43,275.00,273.62
3/16/2018,274.45,275.39,274.14,274.20,273.82
3/19/2018,273.34,274.40,268.62,270.49,273.68
3/20/2018,270.91,271.67,270.18,270.95,273.56
3/21/2018,270.88,273.27,270.19,270.43,273.37
3/22/2018,267.85,268.87,263.36,263.67,272.65
3/23/2018,264.17,265.02,257.83,258.05,271.52
3/26/2018,262.16,265.43,259.41,265.11,270.97
3/27/2018,266.17,266.77,258.84,260.60,270.11
3/28/2018,260.76,262.64,258.58,259.83,269.22
3/29/2018,261.12,265.26,259.84,263.15,268.61
4/2/2018,262.56,263.13,254.67,257.47,267.59
4/3/2018,258.92,261.31,256.84,260.77,266.88
4/4/2018,256.76,264.36,256.60,263.56,266.43
4/5/2018,265.55,266.64,264.32,265.64,266.18
4/6/2018,263.42,265.11,258.00,259.72,265.49
4/9/2018,261.37,264.84,259.94,261.00,264.92
4/10/2018,264.25,266.04,262.98,265.15,264.70
4/11/2018,263.42,265.64,263.39,263.76,264.39
4/12/2018,265.28,267.00,265.06,265.93,264.28
4/13/2018,267.45,267.54,264.01,265.15,264.13
4/16/2018,267.00,268.20,266.07,267.33,264.17
4/17/2018,269.33,270.87,268.75,270.19,264.47
4/18/2018,270.68,271.30,269.87,270.39,264.81
4/19/2018,269.59,269.88,267.72,268.89,265.06
4/20/2018,268.87,269.06,265.61,266.61,265.14
4/23/2018,267.28,267.89,265.35,266.57,265.26
4/24/2018,267.76,267.98,261.28,262.98,265.11
4/25/2018,262.94,264.13,260.85,263.63,265.05
4/26/2018,264.86,267.25,264.29,266.31,265.21
4/27/2018,267.00,267.34,265.50,266.56,265.40
4/30/2018,267.26,267.89,264.43,264.51,265.43
5/1/2018,263.87,265.10,262.11,264.98,265.47
5/2/2018,264.77,265.68,262.76,263.20,265.37
5/3/2018,262.28,263.36,259.05,262.62,265.23
5/4/2018,261.52,266.79,261.15,266.02,265.33
5/7/2018,266.91,268.02,266.11,266.92,265.50
5/8/2018,266.48,267.33,265.15,266.92,265.64
5/9/2018,267.67,269.87,267.09,269.50,265.95
5/10/2018,270.34,272.39,270.22,272.02,266.44
5/11/2018,272.25,273.15,271.58,272.85,266.98
5/14/2018,273.34,274.08,272.36,272.98,267.49
5/15/2018,271.52,271.61,270.03,271.10,267.81
5/16/2018,271.11,272.76,271.11,272.24,268.21
5/17/2018,271.93,273.23,271.13,272.01,268.56
5/18/2018,271.61,272.03,270.93,271.33,268.84
5/21/2018,272.99,273.98,271.35,273.37,269.25
5/22/2018,273.94,274.25,272.24,272.61,269.59
5/23/2018,271.19,273.39,270.99,273.36,269.98
5/24/2018,272.95,273.22,270.78,272.80,270.32
5/25/2018,272.15,272.86,271.58,272.15,270.60
5/29/2018,270.26,271.17,267.76,269.02,270.62
5/30/2018,270.50,273.11,270.42,272.61,270.90
5/31/2018,272.20,272.49,270.26,270.94,271.03
6/1/2018,272.49,273.94,272.33,273.60,271.34
6/4/2018,274.51,275.19,274.26,274.90,271.73
6/5/2018,275.02,275.53,274.18,275.10,272.11
6/6/2018,275.90,277.52,275.09,277.40,272.63
6/7/2018,277.98,278.28,276.34,277.37,273.11
6/8/2018,276.78,278.25,276.66,278.19,273.62
6/11/2018,278.42,279.37,278.31,278.56,274.10
6/12/2018,279.05,279.33,278.19,278.92,274.57
6/13/2018,279.21,279.48,277.80,278.03,274.94
6/14/2018,279.01,279.33,278.06,278.73,275.32
6/15/2018,276.65,277.51,275.35,277.13,275.56
6/18/2018,275.47,276.70,274.95,276.56,275.73
6/19/2018,273.98,275.75,273.53,275.50,275.81
6/20/2018,276.27,276.72,275.59,275.97,275.92
6/21/2018,275.98,275.98,273.68,274.24,275.88
6/22/2018,275.67,275.79,274.49,274.74,275.88
6/25/2018,273.45,273.62,269.10,271.00,275.58
6/26/2018,271.61,272.56,270.79,271.60,275.32
6/27/2018,272.27,273.87,269.18,269.35,274.90
6/28/2018,269.26,271.75,268.49,270.89,274.60
6/29/2018,272.08,273.66,271.15,271.28,274.35
7/2/2018,269.51,272.04,269.24,271.86,274.14
7/3/2018,272.88,272.98,270.42,270.90,273.86
7/5/2018,272.16,273.18,270.96,273.11,273.74
7/6/2018,273.14,275.84,272.72,275.42,273.81
7/9/2018,276.56,277.96,276.50,277.90,274.04
7/10/2018,278.40,279.01,278.08,278.90,274.34
7/11/2018,277.17,278.04,276.52,276.86,274.48
7/12/2018,278.29,279.43,277.60,279.37,274.80
7/13/2018,279.19,279.93,278.66,279.59,275.13
7/16/2018,279.66,279.80,278.84,279.34,275.43
7/17/2018,278.48,280.91,278.41,280.47,275.82
7/18/2018,280.57,281.18,280.06,281.06,276.24
7/19/2018,280.31,280.74,279.46,280.00,276.58
7/20/2018,279.80,280.48,279.50,279.68,276.89
7/23/2018,279.46,280.43,279.06,280.20,277.24
7/24/2018,281.79,282.56,280.63,281.61,277.68
7/25/2018,281.37,284.37,281.28,284.01,278.30
7/26/2018,283.15,284.11,283.09,283.34,278.83
7/27/2018,283.73,283.82,280.38,281.42,279.20
7/30/2018,281.51,281.69,279.36,279.95,279.43
7/31/2018,280.70,282.02,280.38,281.33,279.75
8/1/2018,281.48,282.13,280.13,280.86,280.00
8/2/2018,279.44,282.58,279.16,282.39,280.34
8/3/2018,282.55,283.66,282.33,283.60,280.74
8/6/2018,283.64,284.99,283.20,284.64,281.17
8/7/2018,285.40,286.01,285.24,285.58,281.64
8/8/2018,285.39,285.91,284.94,285.46,282.05
8/9/2018,285.54,285.97,284.92,285.07,282.39
8/10/2018,283.42,284.06,282.36,283.16,282.55
8/13/2018,283.49,284.16,281.77,282.10,282.60
8/14/2018,282.94,284.17,282.48,283.90,282.78
8/15/2018,282.35,282.54,280.16,281.78,282.78
8/16/2018,283.40,285.04,283.36,284.06,282.94
8/17/2018,283.76,285.56,283.37,285.06,283.16
8/20/2018,285.58,285.97,285.06,285.67,283.41
8/21/2018,286.26,287.31,285.71,286.34,283.69
8/22/2018,285.89,286.76,285.58,286.17,283.95
8/23/2018,285.94,286.94,285.43,285.79,284.15
8/24/2018,286.46,287.67,286.38,287.51,284.47
8/27/2018,288.86,289.90,288.68,289.78,284.95
8/28/2018,290.30,290.42,289.40,289.92,285.40
8/29/2018,290.16,291.74,289.89,291.48,285.95
8/30/2018,290.94,291.36,289.63,290.30,286.38
8/31/2018,289.84,290.81,289.29,290.31,286.80
9/4/2018,289.85,290.21,288.68,289.81,287.14
9/5/2018,289.41,289.64,287.89,289.03,287.40
9/6/2018,289.17,289.49,287.00,288.16,287.57
9/7/2018,286.96,288.70,286.71,287.60,287.67
9/10/2018,288.74,289.04,287.88,288.10,287.79
9/11/2018,287.37,289.55,286.98,289.05,287.98
9/12/2018,289.05,289.80,288.23,289.12,288.15
9/13/2018,290.30,291.04,290.00,290.83,288.45
9/14/2018,291.11,291.27,290.00,290.88,288.73
9/17/2018,290.82,290.86,289.03,289.34,288.88
9/18/2018,289.55,291.58,289.55,290.91,289.12
9/19/2018,290.98,291.69,290.83,291.22,289.37
9/20/2018,292.64,293.94,291.24,293.58,289.77
9/21/2018,293.17,293.22,291.81,291.99,290.02
9/24/2018,291.41,291.50,290.37,291.02,290.16
9/25/2018,291.53,291.65,290.48,290.75,290.27
9/26/2018,290.89,292.24,289.41,289.88,290.30
9/27/2018,290.41,291.91,290.10,290.69,290.37
9/28/2018,290.01,291.28,289.95,290.72,290.44
10/1/2018,292.12,292.93,290.98,291.73,290.56
10/2/2018,291.57,292.36,291.14,291.56,290.66
10/3/2018,292.74,293.21,291.32,291.72,290.77
10/4/2018,291.22,291.24,287.66,289.44,290.70
10/5/2018,289.65,290.27,286.22,287.82,290.51
10/8/2018,287.06,288.22,285.50,287.82,290.32
10/9/2018,287.43,288.86,286.77,287.40,290.12
10/10/2018,286.91,286.91,277.88,278.30,289.21
10/11/2018,277.15,278.90,270.36,272.17,287.87
10/12/2018,276.86,277.09,272.37,275.95,286.88
10/15/2018,275.54,277.04,274.30,274.40,285.79
10/16/2018,276.56,280.82,276.07,280.40,285.21
10/17/2018,280.44,281.15,277.56,280.45,284.66
10/18/2018,279.41,280.07,274.97,276.40,283.83
10/19/2018,277.16,279.30,275.47,276.25,283.03
10/22/2018,277.00,277.36,274.41,275.01,282.18
10/23/2018,270.87,274.87,268.61,273.61,281.26
10/24/2018,273.33,273.76,264.70,265.32,279.76
10/25/2018,267.31,271.81,266.23,270.08,278.71
10/26/2018,265.92,271.00,262.29,265.33,277.36
10/29/2018,268.81,270.25,259.85,263.86,275.99
10/30/2018,263.73,268.12,263.12,267.77,274.99
10/31/2018,270.71,273.23,270.12,270.63,274.29
11/1/2018,271.60,273.73,270.38,273.51,273.87
11/2/2018,274.75,275.23,269.59,271.89,273.37
11/5/2018,272.48,274.01,271.35,273.39,273.05
11/6/2018,273.36,275.30,273.25,275.12,272.92
11/7/2018,277.55,281.10,277.08,281.01,273.30
11/8/2018,280.11,281.22,279.22,280.50,273.66
11/9/2018,279.00,279.24,276.18,277.76,273.85
11/12/2018,277.24,277.46,271.99,272.57,273.66
11/13/2018,273.06,275.33,271.25,272.06,273.48
11/14/2018,274.18,274.61,268.45,270.20,273.21
11/15/2018,268.76,273.54,267.01,273.02,273.18
11/16/2018,271.74,274.75,271.21,273.73,273.20
11/19/2018,273.17,273.38,268.07,269.10,272.87
11/20/2018,265.41,267.00,263.15,264.12,272.18
11/21/2018,265.78,267.15,265.01,265.02,271.60
11/23/2018,263.16,264.82,263.07,263.25,270.94
11/26/2018,265.80,267.75,265.34,267.50,270.64
11/27/2018,266.34,268.40,265.66,268.40,270.44
11/28/2018,269.61,274.58,268.33,274.58,270.73
11/29/2018,273.71,275.55,272.43,273.98,270.98
11/30/2018,273.81,276.28,273.45,275.65,271.33
12/3/2018,280.38,280.40,277.51,279.30,271.94
12/4/2018,278.34,278.85,269.90,270.25,271.81
12/6/2018,265.94,269.97,262.44,269.84,271.63
12/7/2018,269.45,271.22,262.63,263.57,270.96
12/10/2018,263.37,265.16,258.62,264.07,270.35
12/11/2018,267.62,267.87,262.48,264.13,269.78
12/12/2018,267.45,269.00,265.37,265.46,269.33
12/13/2018,266.45,267.49,264.12,265.37,268.90
12/14/2018,262.92,264.03,259.85,260.47,268.12
12/17/2018,259.39,260.65,253.53,255.36,267.02
12/18/2018,257.19,257.95,253.28,255.08,265.96
12/19/2018,255.18,259.40,249.35,251.26,264.69
12/20/2018,249.78,251.62,244.65,247.17,263.16
12/21/2018,246.75,249.71,239.98,240.70,261.22
12/24/2018,239.00,240.84,234.27,234.34,258.87
12/26/2018,235.90,246.18,233.76,246.18,257.56
12/27/2018,242.60,248.29,238.96,248.07,256.47
12/28/2018,249.73,251.40,246.45,247.75,255.43
12/31/2018,249.50,250.19,247.47,249.92,254.60
1/2/2019,246.06,251.21,245.95,250.18,253.84
1/3/2019,248.30,248.57,243.67,244.21,252.66
1/4/2019,247.59,253.11,247.17,252.39,252.19
1/7/2019,252.76,255.95,251.69,254.38,251.91
1/8/2019,256.86,257.31,254.00,256.77,251.88
1/9/2019,257.56,258.91,256.19,257.97,251.99
1/10/2019,256.31,259.16,255.50,258.88,252.23
1/11/2019,257.65,259.01,257.03,258.98,252.54
1/14/2019,256.87,258.30,256.41,257.40,252.77
1/15/2019,257.82,260.70,257.81,260.35,253.25
1/16/2019,260.82,261.97,260.60,260.98,253.80
1/17/2019,260.00,263.92,259.96,262.96,254.51
1/18/2019,265.00,266.98,263.00,266.46,255.49
1/22/2019,264.77,265.06,261.06,262.86,256.19
1/23/2019,264.00,264.79,260.66,263.41,256.94
1/24/2019,263.21,264.20,262.08,263.55,257.70
1/25/2019,265.62,266.70,263.66,265.78,258.60
1/28/2019,263.38,263.83,261.79,263.76,259.31
1/29/2019,263.93,264.55,262.48,263.41,259.95
1/30/2019,265.09,268.52,264.25,267.58,260.87
1/31/2019,267.50,270.47,267.27,269.93,261.88
2/1/2019,270.13,271.20,269.18,270.06,262.80
2/4/2019,270.14,272.03,269.36,271.96,263.79
2/5/2019,272.47,273.44,271.88,273.10,264.79
2/6/2019,272.80,273.34,271.92,272.74,265.68
2/7/2019,270.93,271.55,268.29,270.14,266.31
2/8/2019,268.72,270.58,267.83,270.47,266.90
2/11/2019,271.17,271.49,270.03,270.62,267.42
2/12/2019,272.43,274.52,272.34,274.10,268.15
2/13/2019,275.06,275.93,274.56,274.99,268.89
2/14/2019,273.77,275.64,272.87,274.38,269.53
2/15/2019,276.38,277.41,276.13,277.37,270.35
2/19/2019,276.52,278.58,276.47,277.85,271.14
2/20/2019,277.85,278.92,277.25,278.41,271.93
2/21/2019,277.75,278.10,276.35,277.42,272.57
2/22/2019,278.15,279.36,277.40,279.14,273.29
2/25/2019,280.69,281.31,279.43,279.52,273.98
2/26/2019,279.13,280.30,278.90,279.32,274.61
2/27/2019,278.53,279.59,277.48,279.20,275.19
2/28/2019,278.97,279.45,278.32,278.68,275.68
3/1/2019,280.44,280.88,278.82,280.42,276.25
3/4/2019,281.65,281.87,276.84,279.40,276.70
3/5/2019,279.55,279.76,278.41,279.02,277.07
3/6/2019,279.16,279.16,276.97,277.33,277.27
3/7/2019,276.84,276.99,274.07,275.01,277.24
3/8/2019,272.92,274.65,272.42,274.46,277.15
3/11/2019,275.24,278.62,275.23,278.44,277.36
3/12/2019,279.09,280.07,278.85,279.49,277.61
3/13/2019,280.49,282.38,280.30,281.34,277.99
3/14/2019,281.33,281.84,280.67,281.16,278.33
3/15/2019,280.56,282.21,280.33,281.31,278.65
3/18/2019,281.53,282.66,281.30,282.33,279.02
3/19/2019,283.49,284.36,281.41,282.40,279.36
3/20/2019,282.16,283.50,280.32,281.55,279.59
3/21/2019,280.63,285.18,280.59,284.73,280.05
3/22/2019,283.22,283.80,279.18,279.25,280.05
3/25/2019,278.89,280.19,277.64,279.04,280.03
3/26/2019,280.97,282.18,279.56,281.12,280.15
3/27/2019,281.13,281.76,277.93,279.65,280.16
3/28/2019,280.36,281.21,279.07,280.71,280.24
3/29/2019,282.41,282.84,281.14,282.48,280.45
4/1/2019,284.70,286.16,284.40,285.83,280.91
4/2/2019,286.04,286.23,285.09,285.97,281.36
4/3/2019,287.33,287.76,285.75,286.42,281.82
4/4/2019,286.80,287.46,286.01,287.18,282.32
4/5/2019,287.95,288.63,287.60,288.57,282.90
4/8/2019,288.10,288.91,287.37,288.79,283.47
4/9/2019,287.72,288.08,286.70,287.31,283.89
4/10/2019,287.77,288.39,287.31,288.29,284.37
4/11/2019,288.84,288.84,287.58,288.21,284.81
4/12/2019,290.01,290.47,288.26,290.16,285.36
4/15/2019,290.27,290.35,289.08,289.97,285.84
4/16/2019,290.96,291.01,289.50,290.16,286.31
4/17/2019,291.41,291.43,288.99,289.45,286.68
4/18/2019,290.12,290.32,288.66,290.02,287.08
4/22/2019,289.17,290.44,289.07,290.27,287.47
4/23/2019,290.68,293.14,290.42,292.88,288.03
4/24/2019,292.76,293.16,292.07,292.23,288.50
4/25/2019,292.12,292.78,290.73,292.05,288.94
4/26/2019,292.12,293.49,291.24,293.41,289.44
4/29/2019,293.53,294.45,293.41,293.87,289.96
4/30/2019,293.52,294.34,291.92,294.02,290.44
5/1/2019,294.76,294.95,291.80,291.81,290.71
5/2/2019,291.68,292.70,289.52,291.18,290.89
5/3/2019,292.80,294.34,291.30,294.03,291.26
5/6/2019,289.24,293.31,288.90,292.82,291.49
5/7/2019,290.15,290.81,285.81,287.93,291.32
5/8/2019,287.56,289.43,286.87,287.53,291.11
5/9/2019,285.20,287.33,283.30,286.66,290.82
5/10/2019,285.64,288.94,282.30,288.10,290.65
5/13/2019,282.39,283.49,279.93,280.86,289.92
5/14/2019,282.01,285.10,281.85,283.40,289.40
5/15/2019,281.60,285.77,281.36,285.06,289.03
5/16/2019,285.83,289.21,285.76,287.70,288.87
5/17/2019,285.13,288.60,285.12,285.84,288.57
5/20/2019,284.06,285.96,283.12,283.95,288.13
5/21/2019,285.83,286.93,285.55,286.51,287.91
5/22/2019,285.43,286.69,285.10,285.63,287.63
5/23/2019,283.16,283.21,280.57,282.14,287.10
5/24/2019,283.75,284.20,282.09,282.78,286.63
5/28/2019,283.01,284.15,280.13,280.15,285.99
5/29/2019,278.91,279.36,276.71,278.27,285.23
5/30/2019,279.08,280.04,277.81,279.03,284.58
5/31/2019,276.20,277.12,275.24,275.27,283.68
6/3/2019,275.30,276.55,273.09,274.57,282.78
6/4/2019,277.11,280.68,276.62,280.53,282.39
6/5/2019,282.34,282.99,280.32,282.96,282.23
6/6/2019,283.29,285.55,282.57,284.80,282.25
6/7/2019,285.95,288.85,285.74,287.65,282.50
6/10/2019,289.35,290.82,288.87,288.97,282.87
6/11/2019,290.95,291.40,288.18,288.90,283.25
6/12/2019,288.64,289.26,287.82,288.39,283.60
6/13/2019,289.37,289.98,288.62,289.58,284.05
6/14/2019,289.27,289.93,288.41,289.26,284.46
6/17/2019,289.53,290.22,289.18,289.37,284.87
6/18/2019,291.38,293.57,290.99,292.40,285.51
6/19/2019,292.53,293.65,291.47,293.06,286.17
6/20/2019,296.02,296.31,293.13,295.86,287.01
6/21/2019,294.14,295.52,293.76,294.00,287.68
6/24/2019,294.18,294.58,293.47,293.64,288.30
6/25/2019,293.67,293.73,290.64,290.76,288.67
6/26/2019,291.78,292.31,290.35,290.47,289.00
6/27/2019,291.29,292.06,290.89,291.50,289.40
6/28/2019,292.57,293.55,292.01,293.00,289.89
7/1/2019,296.68,296.92,294.33,295.66,290.56
7/2/2019,295.59,296.49,291.21,296.43,291.24
7/3/2019,297.19,298.82,297.02,298.80,292.06
7/5/2019,297.46,298.64,296.01,298.46,292.79
7/8/2019,297.01,298.26,296.22,296.82,293.33
7/9/2019,295.51,297.52,295.48,297.19,293.83
7/10/2019,298.40,299.66,297.78,298.61,294.38
7/11/2019,299.34,299.58,298.20,299.31,294.92
7/12/2019,299.86,300.73,299.51,300.65,295.52
7/15/2019,301.12,301.13,300.19,300.75,296.07
7/16/2019,300.64,300.88,299.44,299.71,296.50
7/17/2019,299.77,299.93,297.74,297.74,296.75
7/18/2019,297.18,299.25,296.70,298.83,297.06
7/19/2019,300.01,300.07,296.96,297.17,297.20
7/22/2019,297.61,298.50,297.04,297.90,297.38
7/23/2019,299.15,300.03,298.22,300.03,297.70
7/24/2019,299.16,301.44,299.09,301.44,298.09
7/25/2019,300.97,301.00,299.11,300.00,298.34
7/26/2019,300.77,302.23,300.62,302.01,298.73
7/29/2019,301.85,302.01,300.85,301.46,299.05
7/30/2019,299.90,301.17,299.49,300.72,299.30
7/31/2019,300.98,301.20,295.20,297.43,299.27
8/1/2019,297.58,300.87,293.96,294.84,299.02
8/2/2019,293.86,294.12,290.90,292.62,298.59
8/5/2019,288.07,288.21,281.72,283.82,297.47
8/6/2019,285.93,288.04,284.28,287.80,296.69
8/7/2019,284.40,288.82,282.04,287.97,295.95
8/8/2019,289.62,293.62,289.01,293.62,295.67
8/9/2019,292.59,293.24,289.65,291.62,295.25
8/12/2019,289.93,291.61,287.02,288.04,294.57
8/13/2019,287.78,294.15,287.36,292.55,294.27
8/14/2019,288.05,292.46,283.76,283.90,293.32
8/15/2019,284.89,285.64,282.39,284.65,292.47
8/16/2019,286.49,289.33,284.71,288.85,291.99
8/19/2019,292.23,293.08,291.44,292.33,291.82
8/20/2019,291.78,292.36,289.95,290.09,291.50
8/21/2019,292.47,292.86,291.72,292.45,291.38
8/22/2019,293.24,293.93,290.40,292.36,291.28
8/23/2019,290.95,292.75,283.47,284.85,290.62
8/26/2019,287.24,288.00,285.58,288.00,290.24
8/27/2019,289.55,289.95,286.03,286.87,289.81
8/28/2019,286.10,289.07,285.25,288.89,289.57
8/29/2019,291.77,293.16,290.61,292.58,289.65
8/30/2019,294.21,294.24,291.42,292.45,289.74
9/3/2019,290.56,291.58,289.27,290.74,289.74
9/4/2019,293.15,294.06,292.31,294.04,290.02
9/5/2019,296.78,298.83,296.64,297.82,290.61
9/6/2019,298.21,298.76,297.42,298.05,291.22
9/9/2019,299.15,299.24,297.16,298.20,291.83
9/10/2019,297.33,298.20,295.97,298.13,292.41
9/11/2019,298.49,300.34,297.75,300.25,293.12
9/12/2019,301.24,302.46,300.41,301.29,293.87
9/13/2019,301.78,302.17,300.68,301.09,294.56
9/16/2019,299.80,301.14,299.45,300.16,295.15
9/17/2019,299.91,301.02,299.75,300.92,295.78
9/18/2019,300.47,301.22,298.24,301.10,296.39
9/19/2019,301.50,302.63,300.71,301.08,296.96
9/20/2019,300.34,300.67,297.41,298.28,297.27
9/23/2019,297.57,299.00,297.27,298.21,297.53
9/24/2019,299.41,299.84,294.81,295.87,297.58
9/25/2019,295.94,298.11,294.33,297.62,297.75
9/26/2019,297.64,297.86,295.45,297.00,297.86
9/27/2019,297.87,297.95,293.69,295.40,297.82
9/30/2019,295.98,297.55,295.92,296.77,297.89
10/1/2019,297.67,298.46,293.00,293.24,297.64
10/2/2019,291.49,291.51,286.64,288.06,296.98
10/3/2019,287.81,290.45,284.82,290.42,296.50
10/4/2019,291.21,294.63,290.82,294.35,296.31
10/7/2019,293.50,295.26,292.77,293.08,296.02
10/8/2019,291.03,291.85,288.49,288.53,295.39
10/9/2019,290.78,292.30,288.66,291.27,294.96
10/10/2019,291.14,294.21,291.00,293.24,294.70
10/11/2019,296.28,298.74,296.14,296.28,294.69
10/14/2019,295.93,296.67,295.57,295.95,294.65
10/15/2019,297.05,299.70,296.97,298.88,294.85
10/16/2019,298.40,299.16,297.92,298.40,295.01
10/17/2019,299.70,300.24,298.52,299.28,295.24
10/18/2019,298.71,299.40,296.99,297.97,295.38
10/21/2019,299.48,300.21,298.94,299.99,295.68
10/22/2019,300.63,300.90,298.91,299.01,295.91
10/23/2019,298.74,299.94,298.50,299.88,296.21
10/24/2019,300.88,301.07,299.46,300.37,296.55
10/25/2019,299.74,302.20,299.68,301.60,296.99
10/28/2019,302.91,303.85,302.91,303.30,297.55
10/29/2019,303.03,304.23,302.86,303.21,298.09
10/30/2019,303.43,304.55,301.99,304.14,298.67
10/31/2019,304.11,304.13,301.73,303.33,299.18
11/1/2019,304.92,306.19,304.74,306.14,299.88
11/4/2019,307.87,308.00,306.96,307.37,300.64
11/5/2019,307.58,307.92,306.71,307.04,301.34
11/6/2019,307.06,307.40,306.06,307.10,302.01
11/7/2019,308.60,309.65,307.66,308.18,302.70
11/8/2019,307.82,309.00,307.03,308.94,303.39
11/11/2019,307.43,308.54,307.27,308.35,304.00
11/12/2019,308.75,309.99,308.15,309.00,304.60
11/13/2019,307.90,309.54,307.66,309.10,305.16
11/14/2019,308.77,309.64,308.09,309.55,305.69
11/15/2019,310.98,311.84,310.26,311.79,306.34
11/18/2019,311.52,312.28,311.03,312.02,306.96
11/19/2019,312.68,312.69,311.22,311.93,307.53
11/20/2019,311.30,311.85,309.06,310.77,307.97
11/21/2019,310.85,311.01,309.39,310.27,308.33
11/22/2019,311.06,311.24,309.85,310.96,308.71
11/25/2019,311.99,313.37,311.98,313.37,309.24
11/26/2019,313.42,314.28,313.06,314.08,309.78
11/27/2019,314.67,315.48,314.37,315.48,310.38
11/29/2019,314.89,315.13,314.06,314.31,310.84
12/2/2019,314.63,314.66,311.17,311.64,311.05
12/3/2019,308.64,309.64,307.13,309.55,311.08
12/4/2019,310.63,312.12,310.32,311.46,311.23
12/5/2019,312.22,312.25,310.58,312.02,311.40
12/6/2019,314.14,315.31,314.11,314.87,311.76
12/9/2019,314.41,315.18,313.80,313.88,312.01
12/10/2019,313.80,314.55,312.81,313.53,312.21
12/11/2019,314.05,314.70,313.44,314.42,312.46
12/12/2019,314.45,317.99,314.17,317.13,312.90
12/13/2019,316.88,318.67,316.02,317.32,313.32
12/16/2019,319.18,320.15,317.25,319.50,313.88
12/17/2019,319.98,320.25,319.48,319.57,314.41
12/18/2019,320.00,320.25,319.53,319.59,314.91
12/19/2019,319.78,320.98,319.52,320.90,315.47
12/20/2019,320.54,321.97,319.39,320.73,315.99
12/23/2019,321.63,321.65,321.06,321.22,316.51
12/24/2019,321.43,321.52,320.90,321.23,317.01
12/26/2019,321.69,322.95,321.64,322.94,317.60
12/27/2019,323.77,323.80,322.28,322.86,318.16
12/30/2019,322.94,323.10,320.55,321.08,318.54
12/31/2019,320.50,322.13,320.15,321.86,318.95
1/2/2020,323.58,324.89,322.53,324.87,319.56
1/3/2020,321.19,323.64,321.10,322.41,319.94
1/6/2020,320.44,323.73,320.36,323.64,320.39
1/7/2020,323.02,323.54,322.24,322.73,320.75
1/8/2020,322.99,325.78,322.67,324.45,321.21
1/9/2020,326.20,326.73,325.52,326.65,321.80
1/10/2020,327.36,327.46,325.20,325.71,322.27
1/13/2020,326.40,327.96,325.92,327.95,322.86
1/14/2020,327.48,328.62,326.84,327.45,323.37
1/15/2020,327.34,329.02,327.26,328.19,323.90
1/16/2020,329.67,330.92,329.45,330.92,324.59
1/17/2020,331.72,332.18,330.85,331.95,325.31
1/21/2020,330.92,332.18,330.82,331.30,325.92
1/22/2020,332.26,332.95,331.17,331.34,326.50
1/23/2020,330.60,332.17,329.41,331.72,327.06
1/24/2020,332.46,332.53,327.36,328.77,327.35
1/27/2020,323.05,325.12,322.66,323.50,327.21
1/28/2020,325.06,327.85,323.60,326.89,327.32
1/29/2020,328.40,328.63,326.40,326.62,327.40
1/30/2020,324.37,327.91,323.54,327.68,327.53
1/31/2020,326.97,327.17,320.73,321.73,327.19
2/3/2020,323.35,326.16,323.22,324.12,327.03
2/4/2020,328.07,330.01,327.72,329.06,327.24
2/5/2020,332.29,333.09,330.67,332.86,327.73
2/6/2020,333.98,334.19,332.80,333.98,328.27
2/7/2020,332.81,333.99,331.60,332.20,328.64
2/10/2020,331.19,334.75,331.19,334.68,329.17
2/11/2020,336.16,337.02,334.68,335.26,329.71
2/12/2020,336.86,337.65,336.43,337.42,330.38
2/13/2020,335.92,338.12,335.56,337.06,330.98
2/14/2020,337.48,337.73,336.20,337.60,331.58
2/18/2020,336.52,337.67,335.21,336.73,332.07
2/19/2020,337.81,339.08,337.48,338.34,332.66
2/20/2020,337.77,338.64,333.68,336.95,333.11
2/21/2020,335.41,335.81,332.58,333.48,333.27
2/24/2020,323.17,325.85,321.24,322.42,332.56
2/25/2020,323.96,324.61,311.69,312.65,331.12
2/26/2020,314.19,318.11,310.70,311.50,329.65
2/27/2020,305.45,311.56,297.51,297.51,327.17
2/28/2020,288.62,297.89,285.54,296.26,324.69
3/2/2020,298.00,309.16,294.46,309.09,323.31
3/3/2020,309.55,313.84,297.57,300.24,321.32
3/4/2020,306.11,313.10,303.33,312.86,320.36
3/5/2020,304.95,308.47,300.01,302.46,318.65
3/6/2020,293.08,298.78,290.23,297.46,316.62
3/9/2020,275.60,284.19,273.45,274.23,312.91
3/10/2020,284.76,288.52,273.50,288.42,310.43
3/11/2020,280.73,281.94,270.88,274.36,306.97
3/12/2020,256.05,266.66,247.68,248.11,301.67
3/13/2020,263.34,271.48,248.52,269.32,298.26
3/16/2020,240.78,256.90,237.36,239.85,292.78
3/17/2020,245.04,256.17,237.07,252.80,288.59
3/18/2020,236.25,248.37,228.02,240.00,283.66
3/19/2020,239.26,247.38,232.22,240.51,279.06
3/20/2020,242.59,244.47,228.50,228.80,273.86
3/23/2020,228.00,229.68,218.26,222.95,268.54
3/24/2020,234.99,244.10,233.80,243.15,265.13
3/25/2020,245.00,256.35,239.75,246.79,262.29
3/26/2020,249.26,262.80,249.05,261.20,260.83
3/27/2020,253.22,260.81,251.05,253.42,259.01
3/30/2020,255.68,262.43,253.53,261.65,258.08
3/31/2020,260.70,263.33,256.22,257.75,257.02
4/1/2020,247.95,251.44,243.90,246.15,255.25
4/2/2020,245.20,252.68,244.59,251.83,254.11
4/3/2020,250.81,253.32,245.22,248.19,252.83
4/6/2020,258.05,267.00,256.73,264.86,252.99
4/7/2020,274.30,275.03,264.89,265.13,253.30
4/8/2020,268.05,276.00,265.25,274.03,254.40
4/9/2020,277.81,281.20,275.47,278.20,255.94
4/13/2020,277.15,277.51,271.41,275.66,257.37
4/14/2020,281.08,284.90,279.91,283.79,259.48
4/15/2020,277.52,283.94,275.46,277.76,261.10
4/16/2020,279.05,280.03,275.76,279.10,262.86
4/17/2020,285.41,287.30,282.40,286.64,265.19
4/20/2020,282.60,286.79,281.35,281.59,267.00
4/21/2020,276.48,278.04,272.02,273.04,268.12
4/22/2020,278.38,281.00,276.91,279.10,269.61
4/23/2020,280.46,283.94,278.75,279.08,271.01
4/24/2020,280.69,283.70,278.50,282.97,272.59
4/27/2020,285.02,288.27,284.62,287.05,274.35
4/28/2020,291.00,291.40,285.40,285.73,275.84
4/29/2020,291.59,294.88,290.41,293.21,277.70
4/30/2020,291.69,293.32,288.59,290.48,279.21
5/1/2020,285.16,290.66,281.52,282.79,279.98
5/4/2020,280.46,283.90,279.13,283.57,280.75
5/5/2020,286.66,289.25,283.71,286.19,281.63
5/6/2020,288.01,288.46,283.78,284.25,282.28
5/7/2020,287.79,289.78,287.13,287.68,283.12
5/8/2020,291.05,292.95,289.86,292.44,284.19
5/11/2020,290.37,294.00,289.88,292.50,285.15
5/12/2020,293.75,294.24,286.52,286.67,285.51
5/13/2020,285.95,287.19,278.97,281.60,285.43
5/14/2020,278.84,285.11,276.37,284.97,285.55
5/15/2020,282.32,286.33,281.34,286.28,285.73
5/18/2020,293.09,296.75,292.70,295.00,286.57
5/19/2020,294.41,296.21,291.95,291.97,287.11
5/20/2020,295.83,297.87,295.57,296.93,288.01
5/21/2020,296.80,297.67,293.69,294.88,288.69
5/22/2020,294.56,295.63,293.22,295.44,289.36
5/26/2020,301.96,302.19,295.46,299.08,290.29
5/27/2020,302.14,303.57,296.87,303.53,291.51
5/28/2020,304.69,306.84,302.24,302.97,292.59
5/29/2020,302.46,304.96,299.47,304.32,293.70
6/1/2020,303.63,306.21,303.06,305.55,294.82
6/2/2020,306.52,308.13,305.10,308.08,296.07
6/3/2020,310.26,313.22,309.94,312.18,297.58
6/4/2020,311.12,313.00,309.08,311.36,298.94
6/5/2020,317.41,321.27,317.16,319.34,300.85
6/8/2020,320.30,323.41,319.63,323.20,302.98
6/9/2020,320.26,323.28,319.36,320.79,304.79
6/10/2020,321.40,322.39,318.22,319.00,306.35
6/11/2020,311.31,312.15,300.01,300.61,306.40
6/12/2020,308.32,309.08,298.60,304.21,306.67
6/15/2020,298.01,308.28,296.74,307.05,307.11
6/16/2020,315.56,315.64,307.67,312.96,307.97
6/17/2020,314.04,314.39,310.86,311.66,308.65
6/18/2020,309.98,312.30,309.51,311.78,309.27
6/19/2020,314.10,314.38,306.53,308.64,309.56
6/22/2020,307.95,311.05,306.75,310.62,309.92
6/23/2020,313.50,314.50,311.61,312.05,310.32
6/24/2020,309.84,310.51,302.10,304.09,310.06
6/25/2020,303.47,307.64,301.28,307.35,310.01
6/26/2020,306.17,306.39,299.42,300.05,309.36
6/29/2020,301.42,304.61,298.93,304.46,309.04
6/30/2020,304.01,310.20,303.82,308.36,308.99
7/1/2020,309.57,311.89,309.07,310.52,309.08
7/2/2020,314.24,315.70,311.51,312.23,309.28
7/6/2020,316.38,317.68,315.56,317.05,309.82
7/7/2020,315.38,317.52,313.37,313.78,310.07
7/8/2020,314.59,316.30,312.70,316.18,310.48
7/9/2020,316.85,317.10,310.68,314.38,310.73
7/10/2020,314.26,317.88,312.76,317.59,311.21
7/13/2020,320.06,322.71,314.13,314.84,311.47
7/14/2020,313.25,319.76,312.00,318.92,312.05
7/15/2020,322.48,323.04,319.27,321.85,312.87
7/16/2020,319.78,321.28,319.09,320.79,313.61
7/17/2020,321.82,322.57,319.74,321.72,314.41
7/20/2020,321.41,325.13,320.62,324.32,315.35
7/21/2020,326.48,326.93,323.94,325.01,316.28
7/22/2020,324.62,327.20,324.50,326.86,317.30
7/23/2020,326.45,327.23,321.48,322.96,317.97
7/24/2020,320.93,321.99,319.25,320.88,318.45
7/27/2020,321.63,323.41,320.78,323.22,319.08
7/28/2020,322.45,323.64,320.85,321.17,319.51
7/29/2020,322.14,325.73,322.08,325.12,320.21
7/30/2020,321.90,324.41,319.64,323.96,320.78
7/31/2020,326.00,326.63,321.33,326.52,321.49
8/3/2020,328.31,329.62,327.73,328.79,322.31
8/4/2020,327.88,330.06,327.86,330.06,323.14
8/5/2020,331.46,332.39,331.18,332.11,324.05
8/6/2020,331.52,334.46,331.13,334.33,325.06
8/7/2020,333.29,334.88,332.30,334.57,326.01
8/10/2020,335.00,335.77,332.96,335.57,326.97
8/11/2020,336.86,337.54,332.01,332.80,327.66
8/12/2020,335.47,338.28,332.84,337.44,328.65
8/13/2020,336.58,338.25,335.83,336.83,329.53
8/14/2020,336.43,337.42,335.62,336.84,330.33
8/17/2020,337.91,338.34,336.85,337.91,331.17
8/18/2020,338.32,339.10,336.61,338.64,331.98
8/19/2020,339.11,339.61,336.62,337.23,332.63
8/20/2020,335.33,338.80,335.22,338.28,333.31
8/21/2020,337.86,339.72,337.55,339.48,334.03
8/24/2020,342.13,343.00,339.45,342.92,334.96
8/25/2020,343.53,344.21,342.27,344.12,335.92
8/26/2020,344.72,347.86,344.17,347.57,337.10
8/27/2020,348.50,349.90,346.53,348.33,338.26
8/28/2020,349.45,350.72,348.15,350.58,339.52
8/31/2020,350.35,351.30,349.06,349.31,340.59
9/1/2020,350.24,352.71,349.24,352.60,341.84
9/2/2020,354.64,358.75,353.43,357.70,343.38
9/3/2020,355.85,356.38,342.59,345.39,343.87
9/4/2020,346.07,347.83,334.87,342.57,344.08
9/8/2020,336.74,342.64,332.88,333.21,343.52
9/9/2020,337.52,342.46,336.61,339.79,343.46
9/10/2020,341.75,342.53,332.85,333.89,342.91
9/11/2020,335.79,336.97,331.00,334.06,342.36
9/14/2020,337.52,340.38,334.22,338.46,342.16
9/15/2020,341.11,342.02,338.47,340.17,342.08
9/16/2020,341.50,343.06,338.52,338.82,341.87
9/17/2020,333.52,337.70,332.99,335.84,341.43
9/18/2020,335.35,335.49,327.97,330.65,340.58
9/21/2020,325.71,327.13,321.73,326.97,339.47
9/22/2020,328.55,330.90,325.86,330.30,338.65
9/23/2020,330.92,331.20,322.10,322.64,337.26
9/24/2020,321.22,326.80,319.80,323.50,335.99
9/25/2020,322.57,329.58,321.64,328.73,335.16
9/28/2020,333.22,334.96,332.15,334.19,334.79
9/29/2020,334.00,334.77,331.62,332.37,334.29
9/30/2020,333.10,338.29,332.88,334.89,334.01
10/1/2020,337.63,338.74,335.01,337.04,333.93
10/2/2020,331.71,337.01,331.19,333.84,333.63
10/5/2020,336.01,339.96,336.01,339.76,333.84
10/6/2020,339.87,342.17,334.38,334.93,333.70
10/7/2020,338.12,341.63,338.09,340.76,334.06
10/8/2020,342.88,343.85,341.86,343.78,334.69
10/9/2020,345.53,347.35,344.89,346.85,335.60
10/12/2020,349.55,354.02,349.06,352.43,336.93
10/13/2020,352.31,352.47,349.09,350.13,338.05
10/14/2020,350.73,351.93,347.14,347.93,338.96
10/15/2020,343.72,348.02,343.13,347.50,339.80
10/16/2020,348.99,350.75,347.10,347.29,340.59
10/19/2020,348.57,349.33,341.04,342.01,340.93
10/20/2020,343.42,346.88,342.64,343.38,341.36
10/21/2020,343.36,348.68,342.40,342.73,341.74
10/22/2020,342.92,345.24,340.65,344.61,342.24
10/23/2020,345.91,345.99,343.13,345.78,342.81
10/26/2020,342.14,342.98,335.62,339.39,342.85
10/27/2020,339.74,340.12,337.99,338.22,342.75
10/28/2020,332.11,332.84,326.13,326.66,341.74
10/29/2020,326.99,333.40,325.09,329.98,340.97
10/30/2020,328.28,329.69,322.60,326.54,339.92
11/2/2020,330.20,332.36,327.24,330.20,339.16
11/3/2020,333.72,338.25,330.29,336.03,338.86
11/4/2020,340.80,347.94,339.59,343.54,339.12
11/5/2020,349.28,352.19,348.86,350.24,339.87
11/6/2020,349.97,351.51,347.65,350.16,340.58
11/9/2020,364.36,364.38,354.06,354.56,341.57
11/10/2020,353.52,355.18,350.51,354.04,342.48
11/11/2020,356.43,357.56,355.06,356.67,343.54
11/12/2020,355.57,356.72,351.26,353.21,344.27
11/13/2020,355.30,358.90,354.71,358.10,345.36
11/16/2020,361.10,362.78,359.59,362.57,346.75
11/17/2020,359.97,361.92,358.34,360.62,347.96
11/18/2020,360.98,361.50,356.24,356.28,348.81
11/19/2020,355.68,358.18,354.15,357.78,349.74
11/20/2020,357.45,357.72,355.25,355.33,350.46
11/23/2020,357.25,358.82,354.87,357.46,351.32
11/24/2020,360.30,363.81,359.29,363.22,352.57
11/25/2020,363.16,363.16,361.48,362.66,353.71
11/27/2020,363.84,364.18,362.58,363.67,354.88
11/30/2020,362.84,363.12,359.17,362.06,355.86
12/1/2020,365.60,367.68,364.93,366.02,357.09
12/2/2020,364.80,366.96,364.20,366.79,358.30
12/3/2020,366.66,368.19,365.50,366.69,359.42
12/4/2020,367.30,369.85,367.22,369.85,360.66
12/7/2020,368.97,369.62,367.72,369.09,361.71
12/8/2020,367.67,370.78,367.67,370.17,362.72
12/9/2020,370.91,371.05,365.95,366.85,363.35
12/10/2020,365.39,367.86,364.43,366.73,363.87
12/11/2020,364.93,366.74,363.26,366.30,364.29
12/14/2020,368.61,369.80,364.47,364.66,364.54
12/15/2020,367.46,369.59,365.92,369.59,365.12
12/16/2020,369.81,371.16,368.87,370.17,365.70
12/17/2020,371.93,372.46,371.05,372.24,366.38
12/18/2020,370.98,371.15,367.02,369.18,366.79
12/21/2020,364.98,368.80,362.03,367.86,367.04
12/22/2020,368.23,368.33,366.03,367.24,367.22
12/23/2020,368.33,369.62,367.22,367.57,367.40
12/24/2020,368.06,369.03,367.45,369.00,367.68
12/28/2020,371.81,372.59,371.07,372.17,368.16
12/29/2020,373.85,374.00,370.83,371.46,368.54
12/30/2020,372.38,373.10,371.57,371.99,368.91
12/31/2020,371.85,374.66,371.23,373.88,369.39
1/4/2021,375.30,375.45,364.82,368.79,369.43
1/5/2021,368.05,372.50,368.05,371.33,369.66
1/6/2021,369.67,376.98,369.12,373.55,370.03
1/7/2021,376.18,379.90,375.91,379.10,370.80
1/8/2021,380.63,381.49,377.10,381.26,371.69
1/11/2021,377.84,380.58,377.72,378.69,372.33
1/12/2021,378.84,379.86,376.36,378.77,372.95
1/13/2021,378.65,380.86,377.85,379.79,373.62
1/14/2021,380.63,381.13,378.10,378.46,374.15
1/15/2021,376.71,377.58,373.70,375.70,374.45
1/19/2021,378.24,379.23,376.75,378.65,374.94
1/20/2021,381.10,384.79,380.69,383.89,375.80
1/21/2021,384.50,384.95,383.25,384.24,376.64
1/22/2021,382.24,384.13,381.84,382.88,377.31
1/25/2021,383.60,384.77,378.46,384.39,378.05
1/26/2021,385.41,385.85,383.54,383.79,378.70
1/27/2021,380.24,380.32,372.01,374.41,378.60
1/28/2021,376.27,381.93,375.89,377.63,378.73
1/29/2021,375.57,376.67,368.27,370.07,378.25
2/1/2021,373.84,377.34,370.38,376.23,378.23
2/2/2021,379.68,383.22,376.32,381.55,378.60
2/3/2021,382.43,383.70,380.48,381.85,378.95
2/4/2021,383.03,386.24,381.97,386.19,379.60
2/5/2021,388.27,388.47,386.14,387.71,380.32
2/8/2021,389.30,390.56,388.35,390.51,381.22
2/9/2021,389.55,390.89,389.17,390.25,382.04
2/10/2021,392.10,392.28,387.50,390.08,382.78
2/11/2021,391.34,391.69,388.10,390.71,383.51
2/12/2021,389.88,392.90,389.77,392.64,384.34
2/16/2021,394.06,394.17,391.53,392.30,385.10
2/17/2021,390.43,392.66,389.33,392.39,385.83
2/18/2021,389.56,391.52,387.74,390.72,386.40
2/19/2021,392.10,392.38,389.55,390.03,386.87
2/22/2021,387.06,389.62,386.74,387.03,387.08
2/23/2021,384.72,388.95,380.20,387.50,387.30
2/24/2021,386.23,392.23,385.27,391.77,387.81
2/25/2021,390.51,391.88,380.78,382.33,387.56
2/26/2021,384.44,385.58,378.23,380.36,387.16
3/1/2021,385.65,390.92,380.57,389.58,387.48
3/2/2021,389.87,390.07,386.00,386.54,387.55
3/3/2021,385.83,386.83,381.31,381.42,387.21
3/4/2021,381.22,384.00,371.88,376.70,386.52
3/5/2021,380.41,384.76,372.64,383.63,386.36
3/8/2021,384.69,387.68,381.42,381.72,386.03
3/9/2021,385.88,389.91,381.73,387.17,386.08
3/10/2021,389.59,391.40,388.17,389.58,386.29
3/11/2021,392.24,395.65,391.74,393.53,386.77
3/12/2021,392.09,394.21,391.20,394.06,387.26
3/15/2021,394.40,396.69,392.03,396.41,387.91
3/16/2021,397.06,397.83,395.08,395.91,388.49
3/17/2021,394.56,398.12,393.30,397.26,389.16
3/18/2021,394.49,396.72,390.75,391.48,389.36
3/19/2021,389.94,391.57,387.15,389.48,389.40
3/22/2021,390.01,394.07,389.97,392.59,389.69
3/23/2021,391.89,393.46,388.66,389.50,389.74
3/24/2021,390.92,392.75,387.47,387.52,389.64
3/25/2021,385.99,390.55,383.90,389.70,389.73
3/26/2021,390.98,396.41,390.29,395.98,390.31
3/29/2021,394.35,396.75,392.81,395.78,390.85
3/30/2021,394.35,395.45,393.02,394.73,391.28
3/31/2021,395.35,398.00,395.31,396.33,391.81
4/1/2021,398.34,400.67,398.18,400.61,392.66
4/5/2021,403.49,406.94,403.38,406.36,393.90
4/6/2021,405.83,407.24,405.40,406.12,395.04
4/7/2021,405.95,406.96,405.45,406.59,396.16
4/8/2021,407.92,408.58,406.93,408.52,397.37
4/9/2021,408.44,411.67,408.26,411.49,398.72
4/12/2021,410.86,411.93,410.20,411.64,399.98
4/13/2021,411.57,413.53,411.12,412.86,401.24
4/14/2021,412.86,413.96,410.87,411.45,402.31
4/15/2021,413.79,416.16,413.69,415.87,403.63
4/16/2021,417.29,417.91,415.73,417.26,404.99
4/19/2021,416.26,416.74,413.79,415.21,406.11
4/20/2021,413.93,415.09,410.59,412.17,406.93
4/21/2021,411.55,416.29,411.36,416.07,408.01
4/22/2021,415.91,416.78,411.13,412.27,408.73
4/23/2021,412.82,418.25,412.79,416.74,409.75
4/26/2021,417.42,418.22,416.81,417.61,410.75
4/27/2021,417.97,418.14,416.30,417.52,411.67
4/28/2021,417.84,419.01,416.90,417.40,412.49
4/29/2021,420.38,420.72,416.44,420.06,413.44
4/30/2021,417.67,418.54,416.34,417.30,414.08
5/3/2021,419.41,419.84,417.67,418.20,414.69
5/4/2021,415.99,416.60,411.67,415.62,415.05
5/5/2021,417.43,417.63,415.15,415.75,415.35
5/6/2021,415.80,419.21,413.68,419.07,415.84
5/7/2021,419.85,422.82,419.16,422.12,416.49
5/10/2021,422.55,422.74,417.81,417.94,416.76
5/11/2021,413.12,415.27,410.06,414.21,416.71
5/12/2021,411.23,412.59,404.00,405.41,415.95
5/13/2021,407.02,412.35,407.02,410.28,415.57
5/14/2021,413.23,417.49,413.18,416.58,415.68
5/17/2021,415.39,416.39,413.36,415.52,415.68
5/18/2021,415.79,416.06,411.77,411.94,415.40
5/19/2021,406.93,411.05,405.33,410.86,415.03
5/20/2021,411.77,416.63,411.67,415.28,415.01
5/21/2021,416.83,418.20,414.45,414.94,414.97
5/24/2021,417.39,420.32,417.08,419.17,415.25
5/25/2021,420.33,420.71,417.62,418.24,415.46
5/26/2021,418.89,419.61,417.76,419.07,415.70
5/27/2021,420.16,420.72,418.99,419.29,415.96
5/28/2021,421.03,421.25,419.79,420.04,416.25
6/1/2021,422.60,422.72,419.20,419.67,416.51
6/2/2021,420.35,421.23,419.29,420.33,416.80
6/3/2021,417.82,419.99,416.28,418.77,416.97
6/4/2021,420.73,422.92,418.84,422.60,417.43
6/7/2021,422.55,422.78,421.19,422.19,417.85
6/8/2021,423.16,423.21,420.32,422.28,418.26
6/9/2021,423.15,423.26,421.41,421.65,418.62
6/10/2021,422.96,424.63,421.55,423.61,419.10
6/11/2021,424.12,424.43,422.82,424.31,419.61
6/14/2021,424.43,425.37,423.10,425.26,420.18
6/15/2021,425.46,425.46,423.54,424.48,420.68
6/16/2021,424.61,424.87,419.92,422.11,420.98
6/17/2021,421.62,423.02,419.32,421.97,421.24
6/18/2021,417.16,417.83,414.70,414.92,420.91
6/21/2021,416.85,421.06,415.93,420.86,421.02
6/22/2021,420.86,424.00,420.08,423.11,421.30
6/23/2021,423.20,424.05,422.51,422.60,421.50
6/24/2021,424.93,425.55,424.62,425.10,421.87
6/25/2021,425.96,427.09,425.55,426.61,422.32
6/28/2021,427.13,427.65,425.89,427.47,422.79
6/29/2021,427.87,428.56,427.13,427.70,423.24
6/30/2021,427.18,428.78,427.18,428.06,423.69
7/1/2021,428.88,430.60,428.80,430.43,424.30
7/2/2021,431.67,434.10,430.52,433.72,425.12
7/6/2021,433.75,434.01,430.01,432.93,425.84
7/7/2021,433.72,434.76,431.51,434.46,426.64
7/8/2021,428.74,431.73,427.52,430.92,427.11
7/9/2021,432.56,435.84,430.71,435.52,427.91
7/12/2021,435.48,437.35,434.97,437.08,428.78
7/13/2021,436.21,437.84,435.31,435.59,429.49
7/14/2021,437.38,437.92,434.91,436.24,430.21
7/15/2021,434.79,435.53,432.72,434.75,430.77
7/16/2021,436.04,436.06,430.92,431.34,431.03
7/19/2021,426.20,431.41,421.97,424.97,430.77
7/20/2021,425.73,432.42,424.83,431.06,430.98
7/21/2021,432.39,434.70,431.01,434.55,431.44
7/22/2021,434.81,435.72,433.69,435.46,431.94
7/23/2021,437.57,440.30,436.79,439.94,432.74
7/26/2021,439.36,441.03,439.26,441.02,433.57
7/27/2021,439.94,439.94,435.99,439.01,434.17
7/28/2021,439.72,440.30,437.31,438.83,434.70
7/29/2021,439.84,441.80,439.81,440.65,435.32
7/30/2021,437.98,440.06,437.77,438.51,435.71
8/2/2021,440.38,440.93,437.21,437.59,436.00
8/3/2021,438.45,441.28,436.10,441.15,436.53
8/4/2021,439.82,441.12,438.73,438.98,436.84
8/5/2021,440.22,441.85,439.88,441.76,437.34
8/6/2021,442.15,442.94,441.80,442.49,437.85
8/9/2021,442.47,442.80,441.31,442.13,438.29
8/10/2021,442.62,443.44,441.88,442.68,438.76
8/11/2021,443.77,443.88,442.62,443.78,439.27
8/12/2021,443.59,445.26,442.66,445.11,439.86
8/13/2021,445.55,445.94,445.07,445.92,440.47
8/16/2021,444.60,447.11,442.87,446.97,441.13
8/17/2021,444.28,444.96,440.85,444.04,441.53
8/18/2021,442.93,444.63,438.92,439.18,441.53
8/19/2021,436.30,441.14,436.12,439.86,441.58
8/20/2021,440.14,443.71,439.71,443.36,441.87
8/23/2021,445.28,448.23,443.44,447.26,442.44
8/24/2021,447.91,448.54,447.42,447.97,442.98
8/25/2021,448.22,449.46,447.77,448.91,443.55
8/26/2021,448.60,448.86,446.16,446.26,443.87
8/27/2021,447.10,450.65,447.06,450.25,444.47
8/30/2021,450.98,453.07,450.71,452.23,445.18
8/31/2021,452.16,452.49,450.92,451.56,445.81
9/1/2021,452.60,453.11,451.55,451.80,446.42
9/2/2021,453.33,454.05,451.91,453.19,447.09
9/3/2021,452.02,453.63,451.55,453.08,447.72
9/7/2021,452.76,452.81,450.74,451.46,448.18
9/8/2021,450.91,451.67,448.86,450.91,448.55
9/9/2021,450.72,452.57,448.72,448.98,448.74
9/10/2021,451.07,451.49,445.31,445.44,448.64
9/13/2021,448.64,448.92,444.11,446.58,448.60
9/14/2021,448.12,448.34,443.22,444.17,448.38
9/15/2021,444.64,448.41,443.44,447.88,448.42
9/16/2021,447.32,448.36,444.02,447.17,448.40
9/17/2021,444.95,445.37,441.02,441.40,447.93
9/20/2021,434.91,436.56,428.86,434.04,446.90
9/21/2021,436.63,437.91,433.07,433.63,445.87
9/22/2021,436.06,440.03,433.75,437.86,445.21
9/23/2021,439.82,444.89,439.60,443.18,444.98
9/24/2021,441.49,444.67,441.21,443.91,444.80
9/27/2021,442.78,444.05,441.90,442.64,444.50
9/28/2021,439.73,440.04,432.94,433.72,443.52
9/29/2021,435.17,437.04,433.85,434.45,442.64
9/30/2021,435.98,436.77,428.78,429.14,441.39
10/1/2021,430.97,436.03,427.23,434.24,440.59
10/4/2021,433.00,433.96,426.36,428.64,439.40
10/5/2021,430.33,435.49,429.39,433.10,438.62
10/6/2021,429.29,435.12,427.54,434.90,438.03
10/7/2021,438.51,441.68,438.20,438.66,437.79
10/8/2021,439.57,439.89,437.19,437.86,437.53
10/11/2021,437.10,440.26,434.62,434.69,437.07
10/12/2021,435.67,436.10,432.78,433.62,436.58
10/13/2021,434.69,436.05,431.54,435.18,436.27
10/14/2021,439.06,442.66,438.58,442.50,436.57
10/15/2021,444.80,446.26,444.09,445.87,437.15
10/18/2021,444.00,447.55,443.27,447.19,437.83
10/19/2021,448.92,450.71,448.27,450.64,438.77
10/20/2021,451.16,452.73,451.01,452.41,439.83
10/21/2021,451.79,453.83,451.31,453.59,440.96
10/22/2021,453.15,454.67,451.05,453.12,442.04
10/25/2021,454.24,455.90,452.39,455.55,443.27
10/26/2021,457.25,458.49,455.56,455.96,444.47
10/27/2021,456.49,457.16,453.86,453.94,445.44
10/28/2021,455.50,458.40,455.45,458.32,446.70
10/29/2021,455.90,459.56,455.56,459.25,447.98
11/1/2021,460.34,460.70,458.20,460.04,449.28
11/2/2021,460.25,462.23,460.08,461.90,450.67
11/3/2021,461.31,465.15,460.83,464.72,452.19
11/4/2021,465.38,467.00,464.99,466.91,453.78
11/5/2021,469.35,470.65,466.92,468.53,455.38
11/8/2021,469.65,470.23,468.20,468.93,456.91
11/9/2021,469.35,469.57,465.88,467.38,458.19
11/10/2021,465.61,467.38,462.04,463.62,459.08
11/11/2021,465.15,465.29,463.75,463.77,459.89
11/12/2021,465.15,467.86,464.11,467.27,460.90
11/15/2021,468.66,468.81,466.23,467.43,461.82
11/16/2021,467.16,470.49,467.07,469.28,462.79
11/17/2021,468.97,469.19,467.48,468.14,463.56
11/18/2021,469.23,470.01,466.34,469.73,464.35
11/19/2021,469.61,470.94,468.50,468.89,464.99
11/22/2021,470.85,473.54,467.35,467.57,465.46
11/23/2021,467.17,469.10,464.45,468.19,465.92
11/24/2021,466.14,469.57,465.19,469.44,466.41
11/26/2021,462.44,463.90,457.77,458.97,466.05
11/29/2021,464.11,466.56,461.73,464.60,466.11
11/30/2021,462.00,464.03,455.30,455.56,465.43
12/1/2021,461.68,464.67,450.29,450.50,464.37
12/2/2021,450.80,459.07,450.31,457.40,463.85
12/3/2021,459.19,460.30,448.92,453.42,463.02
12/6/2021,456.08,460.79,453.56,458.79,462.62
12/7/2021,464.42,468.88,458.65,468.28,462.94
12/8/2021,468.69,470.00,466.83,469.52,463.34
12/9/2021,468.12,469.63,466.14,466.35,463.47
12/10/2021,469.28,470.90,466.51,470.74,463.93
12/13/2021,470.24,470.56,466.27,466.57,464.06
12/14/2021,463.03,465.74,460.25,463.36,463.95
12/15/2021,463.47,470.86,460.74,470.60,464.41
12/16/2021,472.60,472.87,464.80,466.45,464.54
12/17/2021,461.47,464.74,458.06,459.87,464.16
12/20/2021,454.41,455.40,451.14,454.98,463.41
12/21/2021,458.72,463.21,456.31,463.06,463.33
12/22/2021,462.81,467.81,462.58,467.69,463.61
12/23/2021,468.77,472.19,468.64,470.60,464.12
12/27/2021,472.09,477.31,472.01,477.26,465.14
12/28/2021,477.80,478.81,476.06,476.87,466.10
12/29/2021,477.04,478.56,475.92,477.48,467.09
12/30/2021,477.98,479.00,475.67,476.16,467.94
12/31/2021,475.62,476.86,474.67,474.96,468.68
1/3/2022,476.45,477.85,473.85,477.71,469.61
1/4/2022,479.26,479.98,475.58,477.55,470.47
1/5/2022,477.25,477.98,468.28,468.38,470.59
1/6/2022,468.00,470.82,465.43,467.94,470.63
1/7/2022,468.00,469.20,464.65,466.09,470.48
1/10/2022,462.74,465.74,456.60,465.51,470.25
1/11/2022,465.24,469.85,462.05,469.75,470.32
1/12/2022,471.65,473.20,468.94,471.02,470.45
1/13/2022,472.20,472.88,463.44,464.53,470.07
1/14/2022,461.10,465.09,459.90,464.72,469.72
1/18/2022,459.84,459.96,455.31,456.49,468.74
1/19/2022,458.19,459.61,451.46,451.75,467.44
1/20/2022,453.75,458.74,444.50,446.75,465.81
1/21/2022,445.45,448.06,437.95,437.98,463.54
1/24/2022,432.00,440.38,420.76,439.84,461.53
1/25/2022,433.19,439.72,427.15,434.47,459.18
1/26/2022,441.62,444.04,428.86,433.38,456.83
1/27/2022,438.13,441.59,429.45,431.24,454.37
1/28/2022,432.70,442.00,427.82,441.95,452.84
1/31/2022,441.44,450.28,439.81,449.91,452.00
2/1/2022,450.64,453.63,446.94,452.95,451.46
2/2/2022,455.50,458.12,453.05,457.35,451.33
2/3/2022,450.93,452.97,445.71,446.60,450.44
2/4/2022,446.24,452.78,443.83,448.70,449.80
2/7/2022,449.50,450.99,445.85,447.26,449.14
2/8/2022,446.66,451.92,445.22,450.94,448.84
2/9/2022,455.29,457.88,455.01,457.54,449.13
2/10/2022,451.40,457.71,447.20,449.32,448.86
2/11/2022,449.30,451.61,438.94,440.46,447.96
2/14/2022,439.88,441.60,435.34,439.02,447.03
2/15/2022,443.86,446.28,443.18,446.10,446.73
2/16/2022,443.94,448.06,441.94,446.60,446.53
2/17/2022,443.18,446.57,436.42,437.06,445.67
2/18/2022,437.51,438.66,431.82,434.23,444.69
2/22/2022,431.95,435.50,425.86,429.57,443.45
2/23/2022,432.65,433.26,421.35,421.95,441.73
2/24/2022,411.00,428.76,410.64,428.30,440.61
2/25/2022,429.64,437.84,427.86,437.75,440.28
2/28/2022,432.23,438.20,430.70,436.63,439.90
3/1/2022,435.12,437.17,427.11,429.98,439.01
3/2/2022,432.30,439.72,431.57,437.89,438.76
3/3/2022,440.59,441.11,433.80,435.71,438.33
3/4/2022,431.69,433.37,427.88,432.17,437.62
3/7/2022,431.58,432.30,419.36,419.43,435.92
3/8/2022,419.87,427.21,415.12,416.25,434.06
3/9/2022,425.16,429.51,422.82,427.41,433.15
3/10/2022,422.42,426.43,420.44,425.48,432.17
3/11/2022,428.20,428.77,419.53,420.07,430.88
3/14/2022,420.98,424.55,415.79,417.00,429.43
3/15/2022,419.66,426.84,418.42,426.17,428.78
3/16/2022,429.97,435.68,424.80,435.62,428.93
3/17/2022,433.53,441.07,433.19,441.07,429.54
3/18/2022,437.81,444.86,437.22,444.52,430.47
3/21/2022,444.45,446.46,440.68,444.39,431.40
3/22/2022,445.99,450.58,445.86,449.59,432.73
3/23/2022,446.90,448.49,443.71,443.80,433.57
3/24/2022,445.82,450.50,444.76,450.49,434.93
3/25/2022,451.09,452.98,448.43,452.69,436.46
3/28/2022,452.04,455.91,450.06,455.91,438.18
3/29/2022,461.75,462.07,457.18,461.55,440.27
3/30/2022,460.29,461.20,456.47,458.70,442.04
3/31/2022,457.92,458.76,451.16,451.64,443.15
4/1/2022,453.30,453.46,449.14,452.92,444.30
4/4/2022,453.20,456.91,452.26,456.80,445.69
4/5/2022,455.23,457.83,449.82,451.03,446.58
4/6/2022,446.87,448.93,443.47,446.52,447.05
4/7/2022,445.67,450.69,443.53,448.77,447.67
4/8/2022,448.04,450.63,445.94,447.57,448.16
4/11/2022,444.11,445.00,439.39,439.92,448.02
4/12/2022,443.02,445.75,436.65,438.29,447.68
4/13/2022,437.96,444.11,437.84,443.31,447.67
4/14/2022,443.44,444.73,437.68,437.79,447.18
4/18/2022,436.73,439.75,435.61,437.97,446.67
4/19/2022,437.87,445.80,437.68,445.04,446.64
4/20/2022,446.95,447.57,443.48,444.71,446.51
4/21/2022,448.58,450.01,437.10,438.06,445.80
4/22/2022,436.94,438.08,425.44,426.04,444.16
4/25/2022,423.70,428.69,418.84,428.51,442.76
4/26/2022,425.92,426.04,416.07,416.10,440.46
4/27/2022,417.38,422.92,415.01,417.27,438.33
4/28/2022,422.17,429.64,417.60,427.81,437.11
4/29/2022,423.56,425.87,411.21,412.00,434.72
5/2/2022,412.01,415.92,405.02,414.48,432.65
5/3/2022,414.91,418.93,413.36,416.38,430.83
5/4/2022,417.13,429.66,413.71,429.06,430.12
5/5/2022,424.58,425.00,409.44,413.81,428.33
5/6/2022,411.16,414.80,405.73,411.34,426.49
5/9/2022,405.20,406.41,396.50,398.17,423.76
5/10/2022,404.50,406.08,394.82,399.09,421.27
5/11/2022,397.99,404.04,391.96,392.75,418.46
5/12/2022,389.58,395.80,385.15,392.34,415.81
5/13/2022,396.73,403.18,395.61,401.72,414.05
5/16/2022,400.04,403.97,397.60,400.09,412.30
5/17/2022,406.51,408.57,402.58,408.32,411.34
5/18/2022,403.52,403.80,390.55,391.86,409.20
5/19/2022,388.62,394.14,387.11,389.46,407.02
5/20/2022,393.00,397.03,380.54,390.56,405.10
