Open,High,Low,Close,Moving Average 200,Moving Average 50,Exp Moving Average 10,Exp Moving Average 20
282.44,283.04,281.49,281.59,268.14,281.06,283.28,283.36
276.48,278.04,275.34,277.65,268.25,281.07,282.26,282.81
277.65,277.81,276.00,276.88,268.35,281.08,281.28,282.25
276.87,277.07,274.11,274.18,268.43,281.04,279.99,281.48
274.18,274.37,272.55,272.88,268.50,280.96,278.70,280.66
272.88,273.90,272.14,273.61,268.60,280.89,277.77,279.99
273.61,273.86,272.80,272.96,268.68,280.79,276.90,279.32
272.96,273.50,272.02,273.41,268.77,280.72,276.26,278.76
273.41,274.62,273.21,274.47,268.85,280.63,275.94,278.35
274.49,275.00,273.72,274.02,268.93,280.52,275.59,277.94
274.02,275.69,273.56,274.93,269.00,280.46,275.47,277.65
274.93,275.13,273.24,273.49,269.07,280.38,275.11,277.25
273.49,274.81,272.58,274.29,269.14,280.33,274.96,276.97
274.29,275.51,272.50,273.17,269.21,280.24,274.63,276.61
278.38,278.90,277.05,277.81,269.30,280.23,275.21,276.72
277.81,278.22,276.91,277.70,269.39,280.20,275.66,276.82
277.74,278.67,277.45,277.59,269.48,280.16,276.01,276.89
277.63,278.64,277.26,278.25,269.57,280.18,276.42,277.02
278.25,279.05,278.18,278.68,269.66,280.21,276.83,277.18
278.67,279.15,278.38,278.86,269.76,280.23,277.20,277.34
278.86,279.30,278.32,278.59,269.84,280.25,277.45,277.46
278.59,279.24,278.22,279.22,269.93,280.28,277.77,277.63
279.22,279.50,278.82,279.24,270.01,280.30,278.04,277.78
279.24,279.51,278.96,279.24,270.09,280.30,278.26,277.92
279.24,280.24,279.24,279.99,270.19,280.32,278.57,278.12
280.00,280.38,279.71,279.98,270.29,280.21,278.83,278.29
279.98,281.00,279.07,279.17,270.39,280.12,278.89,278.38
280.46,282.38,280.15,281.52,270.50,280.08,279.37,278.68
281.52,282.61,281.02,282.44,270.61,280.08,279.93,279.03
282.44,283.94,282.40,283.28,270.73,280.07,280.54,279.44
283.29,283.40,282.66,283.25,270.86,280.07,281.03,279.80
283.25,283.31,281.80,282.29,270.99,280.03,281.26,280.04
282.31,283.12,282.08,283.03,271.16,280.01,281.58,280.32
283.03,283.12,278.88,281.01,271.32,279.95,281.48,280.39
281.03,282.01,279.67,280.30,271.47,279.89,281.26,280.38
280.30,281.03,279.06,279.88,271.62,279.81,281.01,280.33
279.88,280.79,278.75,280.59,271.78,279.73,280.94,280.36
280.58,281.53,280.21,281.33,271.95,279.62,281.01,280.45
281.32,281.42,279.25,279.95,272.12,279.56,280.81,280.40
279.94,280.69,279.03,279.08,272.28,279.46,280.50,280.28
280.69,281.29,278.77,278.86,272.43,279.34,280.20,280.14
278.89,280.91,278.81,279.46,272.59,279.22,280.07,280.08
279.46,280.39,279.21,279.59,272.76,279.09,279.98,280.03
279.59,279.66,278.50,279.14,272.93,278.97,279.83,279.95
279.14,279.73,278.68,279.35,273.10,278.85,279.74,279.89
279.35,280.41,279.06,280.00,273.27,278.76,279.79,279.90
280.00,280.52,279.75,280.22,273.42,278.66,279.87,279.93
280.21,280.32,279.78,280.31,273.57,278.62,279.95,279.97
280.31,281.56,280.08,281.52,273.73,278.61,280.23,280.11
281.52,281.95,281.24,281.64,273.89,278.60,280.49,280.26
281.64,282.52,281.54,282.21,274.04,278.61,280.80,280.44
282.21,282.93,281.81,282.92,274.20,278.72,281.19,280.68
282.92,283.70,282.48,282.89,274.38,278.84,281.50,280.89
285.02,285.75,284.62,285.52,274.57,279.06,282.23,281.33
285.52,286.29,285.16,285.85,274.76,279.32,282.89,281.76
285.84,286.41,285.50,285.69,274.94,279.56,283.40,282.14
285.68,286.67,285.42,286.62,275.12,279.84,283.98,282.56
286.62,287.21,286.50,286.91,275.30,280.11,284.51,282.98
286.91,287.00,286.42,286.70,275.47,280.35,284.91,283.33
286.70,287.35,286.70,287.07,275.66,280.61,285.30,283.69
287.07,287.09,286.17,286.54,275.84,280.84,285.53,283.96
286.54,286.71,286.10,286.52,276.03,281.11,285.71,284.20
286.51,287.13,286.51,286.86,276.22,281.36,285.92,284.46
286.86,287.60,286.77,287.36,276.43,281.64,286.18,284.73
287.36,287.90,287.26,287.52,276.63,281.83,286.42,285.00
287.52,288.27,287.04,287.11,276.83,282.02,286.55,285.20
291.00,291.40,289.45,289.48,277.05,282.26,287.08,285.61
289.48,289.99,288.53,288.83,277.26,282.47,287.40,285.91
288.84,288.95,285.62,285.82,277.45,282.61,287.11,285.90
285.84,287.44,285.58,287.27,277.65,282.78,287.14,286.03
287.27,287.79,286.51,286.81,277.84,282.95,287.08,286.11
286.84,287.46,285.70,286.41,277.97,283.09,286.96,286.14
286.41,287.52,286.19,287.31,278.11,283.25,287.02,286.25
287.32,287.64,287.04,287.41,278.25,283.42,287.09,286.36
287.42,288.02,287.00,287.45,278.39,283.57,287.16,286.46
287.45,288.36,287.45,288.09,278.52,283.73,287.33,286.62
288.09,288.33,287.07,287.35,278.65,283.89,287.33,286.69
287.35,288.09,286.80,287.54,278.78,284.01,287.37,286.77
287.54,287.69,285.40,285.77,278.89,284.08,287.08,286.67
291.59,292.04,290.41,291.98,279.04,284.25,287.97,287.18
291.98,292.10,290.80,292.08,279.19,284.43,288.72,287.65
292.08,292.67,291.76,292.39,279.34,284.63,289.38,288.10
292.39,292.97,291.91,292.78,279.49,284.83,290.00,288.54
292.78,293.14,292.28,292.89,279.63,285.06,290.53,288.96
292.88,293.66,292.88,293.59,279.73,285.33,291.08,289.40
293.59,294.37,293.58,293.94,279.85,285.61,291.60,289.83
293.95,294.58,293.95,294.01,279.98,285.88,292.04,290.23
294.00,294.10,293.38,293.69,280.09,286.13,292.34,290.56
293.69,294.07,292.51,293.42,280.20,286.39,292.54,290.83
293.42,294.12,293.02,293.97,280.30,286.69,292.80,291.13
293.99,294.87,293.87,294.79,280.41,287.01,293.16,291.48
294.80,294.88,293.08,293.19,280.52,287.29,293.17,291.64
291.69,291.73,289.58,291.24,280.62,287.52,292.81,291.60
291.24,292.15,290.62,292.02,280.73,287.78,292.67,291.64
292.01,292.24,290.58,291.04,280.86,288.01,292.37,291.59
291.04,291.91,290.77,290.80,280.98,288.23,292.09,291.51
290.79,291.32,289.55,289.60,281.10,288.41,291.64,291.33
289.59,289.68,288.78,289.20,281.22,288.59,291.19,291.13
289.20,290.13,288.59,289.98,281.33,288.76,290.97,291.02
289.96,290.42,289.33,289.76,281.43,288.92,290.75,290.90
289.76,289.96,289.11,289.22,281.52,289.06,290.47,290.74
289.21,289.95,288.86,289.72,281.62,289.20,290.34,290.64
289.71,290.21,288.95,289.33,281.71,289.33,290.15,290.52
289.33,290.90,289.12,290.56,281.81,289.43,290.23,290.52
290.55,291.18,289.58,290.38,281.90,289.52,290.25,290.51
285.16,286.04,284.42,285.07,281.97,289.51,289.31,289.99
285.08,285.96,284.16,285.09,282.04,289.48,288.54,289.52
285.09,285.70,284.58,285.08,282.09,289.44,287.91,289.10
285.07,285.09,283.87,283.88,282.14,289.38,287.18,288.60
283.88,283.96,282.41,282.72,282.19,289.30,286.37,288.04
282.72,283.02,281.96,282.32,282.20,289.21,285.63,287.50
282.33,282.70,281.61,282.31,282.21,289.13,285.03,287.00
282.31,282.77,281.57,282.14,282.23,289.03,284.50,286.54
282.15,282.44,281.52,281.95,282.24,288.93,284.04,286.10
281.96,282.84,281.57,282.73,282.26,288.83,283.80,285.78
282.72,282.74,282.03,282.55,282.27,288.74,283.57,285.47
282.56,283.40,282.25,282.72,282.29,288.60,283.42,285.21
282.72,282.94,281.63,282.73,282.29,288.48,283.29,284.97
280.46,280.97,279.13,280.57,282.30,288.38,282.80,284.55
280.57,282.11,280.44,281.12,282.31,288.25,282.49,284.23
281.12,281.55,280.63,280.69,282.33,288.13,282.16,283.89
280.70,281.73,280.53,280.96,282.35,288.02,281.95,283.61
280.98,281.88,280.76,281.42,282.36,287.90,281.85,283.40
281.42,281.95,281.29,281.88,282.40,287.79,281.86,283.26
281.89,282.05,280.91,281.09,282.44,287.67,281.72,283.05
281.10,281.28,280.20,280.80,282.48,287.52,281.55,282.84
280.80,281.49,280.80,281.46,282.52,287.40,281.53,282.71
281.44,281.82,281.19,281.53,282.56,287.28,281.53,282.59
281.55,282.61,281.11,282.48,282.60,287.22,281.70,282.58
282.47,283.40,282.26,283.27,282.65,287.04,281.99,282.65
283.28,283.90,283.05,283.68,282.71,286.87,282.30,282.75
286.66,288.16,286.26,288.15,282.78,286.79,283.36,283.26
288.16,288.47,287.37,287.51,282.85,286.68,284.12,283.67
287.50,288.05,287.35,287.96,282.92,286.59,284.81,284.08
287.97,288.61,287.83,288.52,282.98,286.48,285.49,284.50
288.52,288.96,288.50,288.86,283.05,286.38,286.10,284.91
288.87,289.24,288.71,288.78,283.08,286.28,286.59,285.28
288.79,288.95,288.30,288.40,283.11,286.17,286.92,285.58
288.41,288.61,288.00,288.50,283.14,286.07,287.20,285.86
288.51,288.95,288.48,288.74,283.18,285.97,287.48,286.13
288.74,289.16,288.54,289.03,283.22,285.85,287.76,286.41
289.04,289.25,288.46,289.23,283.25,285.78,288.03,286.68
289.23,289.23,286.91,287.17,283.27,285.69,287.87,286.72
287.17,287.41,285.75,286.20,283.29,285.58,287.57,286.67
288.01,288.46,285.83,286.36,283.30,285.48,287.35,286.64
286.33,286.61,285.06,286.46,283.32,285.40,287.19,286.63
286.47,287.86,286.33,287.17,283.33,285.35,287.18,286.68
287.17,287.58,285.72,286.37,283.35,285.29,287.04,286.65
286.38,286.82,285.53,286.12,283.36,285.21,286.87,286.60
286.10,286.70,285.85,286.51,283.40,285.15,286.80,286.59
286.51,287.05,286.41,286.64,283.46,285.10,286.77,286.59
286.64,286.81,285.97,286.73,283.51,285.04,286.77,286.61
286.73,287.42,286.66,287.01,283.56,284.99,286.81,286.65
287.01,287.01,285.92,286.03,283.61,284.90,286.67,286.59
286.03,286.80,285.74,286.26,283.66,284.82,286.59,286.56
286.25,286.58,285.97,286.12,283.70,284.84,286.51,286.51
286.12,286.12,283.78,284.29,283.73,284.82,286.10,286.30
287.79,288.96,287.58,288.63,283.79,284.89,286.56,286.52
288.63,288.73,287.22,288.02,283.84,284.98,286.83,286.67
288.02,288.63,287.39,287.62,283.88,285.08,286.97,286.76
287.61,288.68,287.58,288.52,283.93,285.20,287.25,286.92
288.53,289.72,288.31,289.44,283.99,285.34,287.65,287.16
289.44,289.78,289.16,289.45,284.05,285.49,287.98,287.38
289.46,289.54,288.78,289.25,284.11,285.63,288.21,287.56
289.25,289.57,288.91,288.97,284.16,285.76,288.35,287.69
288.97,289.31,288.51,288.82,284.21,285.88,288.43,287.80
288.82,289.00,288.02,288.32,284.25,286.00,288.41,287.85
288.32,288.51,287.62,288.06,284.31,286.10,288.35,287.87
288.06,288.45,287.14,287.88,284.36,286.25,288.26,287.87
287.90,287.98,287.13,287.67,284.41,286.38,288.16,287.85
291.05,291.37,289.86,290.80,284.48,286.58,288.64,288.13
290.79,291.53,290.79,291.08,284.54,286.78,289.08,288.41
291.08,291.39,290.54,290.84,284.61,286.97,289.40,288.64
290.83,291.64,290.43,291.49,284.67,287.17,289.78,288.92
291.49,291.85,291.45,291.73,284.73,287.38,290.13,289.18
291.73,291.99,291.49,291.67,284.76,287.60,290.41,289.42
291.67,292.00,291.66,291.95,284.80,287.81,290.69,289.66
291.95,292.05,291.34,291.46,284.85,288.00,290.83,289.83
291.46,291.60,290.76,291.11,284.89,288.18,290.88,289.95
291.11,291.63,290.79,291.55,284.93,288.34,291.00,290.11
291.55,291.75,291.16,291.66,284.97,288.50,291.12,290.25
291.67,292.14,291.49,291.94,285.01,288.58,291.27,290.41
291.94,292.95,291.85,292.46,285.05,288.68,291.49,290.61
290.37,291.21,289.88,290.45,285.08,288.73,291.30,290.59
290.45,291.29,290.38,290.90,285.12,288.77,291.23,290.62
290.90,291.41,290.55,290.88,285.15,288.81,291.16,290.65
290.88,291.75,290.82,291.74,285.19,288.87,291.27,290.75
291.74,292.00,291.70,291.95,285.22,288.94,291.39,290.87
291.93,292.77,291.71,292.73,285.26,289.03,291.64,291.04
292.73,293.11,292.61,292.98,285.31,289.11,291.88,291.23
292.98,293.81,292.77,293.68,285.35,289.21,292.21,291.46
293.68,294.00,293.34,293.36,285.39,289.29,292.42,291.64
293.35,293.48,292.71,292.88,285.43,289.40,292.50,291.76
292.88,293.74,292.81,293.49,285.47,289.55,292.68,291.92
293.50,294.00,293.20,293.40,285.51,289.69,292.81,292.06
293.41,293.59,292.50,292.62,285.55,289.81,292.78,292.12
293.75,294.24,291.54,292.28,285.59,289.92,292.69,292.13
292.28,292.69,291.85,292.03,285.63,290.03,292.57,292.12
292.04,292.77,291.61,292.53,285.69,290.16,292.56,292.16
292.54,293.13,292.28,292.69,285.74,290.28,292.58,292.21
292.68,292.95,291.95,292.51,285.79,290.40,292.57,292.24
292.52,292.63,292.00,292.49,285.87,290.51,292.55,292.26
292.48,292.64,292.17,292.51,285.94,290.62,292.55,292.29
292.50,292.56,290.50,290.80,286.03,290.72,292.23,292.15
290.80,291.49,290.67,291.48,286.12,290.82,292.09,292.08
291.48,291.56,290.28,290.85,286.21,290.92,291.87,291.96
290.84,291.27,290.24,291.04,286.30,291.05,291.72,291.88
291.04,291.12,289.56,289.63,286.38,291.07,291.34,291.66
289.64,289.89,286.55,286.61,286.44,291.04,290.48,291.18
285.95,286.38,283.64,284.85,286.49,290.99,289.45,290.58
284.84,286.48,284.73,286.32,286.55,290.95,288.88,290.17
286.33,287.19,284.57,284.75,286.61,290.85,288.13,289.66
284.76,285.39,283.25,283.99,286.66,290.74,287.38,289.12
283.98,284.27,281.18,281.87,286.70,290.59,286.38,288.43
281.87,282.27,279.61,281.14,286.72,290.44,285.43,287.73
281.15,281.94,280.73,281.73,286.74,290.30,284.75,287.16
281.73,282.07,280.43,281.42,286.75,290.16,284.15,286.61
281.42,281.69,280.62,280.78,286.77,290.01,283.53,286.06
280.79,281.83,280.16,280.71,286.78,289.87,283.02,285.55
280.71,280.91,279.67,279.67,286.78,289.71,282.41,284.99
279.67,281.25,278.97,279.82,286.79,289.49,281.94,284.50
279.82,282.09,279.48,281.67,286.80,289.30,281.89,284.23
278.84,279.78,276.61,276.89,286.79,289.02,280.98,283.53
276.89,278.28,276.37,277.31,286.78,288.74,280.31,282.94
277.30,280.62,277.29,279.87,286.78,288.50,280.23,282.64
279.87,281.62,279.65,279.92,286.78,288.27,280.18,282.39
279.92,280.80,279.02,279.77,286.78,288.02,280.10,282.14
279.79,281.43,279.40,280.80,286.78,287.81,280.23,282.01
280.80,282.64,280.62,282.41,286.78,287.64,280.63,282.05
282.42,283.34,281.82,283.30,286.78,287.47,281.11,282.17
283.30,283.65,282.00,282.09,286.77,287.28,281.29,282.16
282.08,282.62,281.35,282.57,286.77,287.09,281.52,282.20
282.56,282.70,281.05,282.18,286.77,286.89,281.64,282.20
282.18,284.10,281.93,283.89,286.78,286.76,282.05,282.36
283.89,285.11,282.84,284.97,286.81,286.64,282.58,282.61
282.32,284.22,281.34,283.85,286.83,286.50,282.81,282.72
283.85,285.08,283.40,284.08,286.84,286.34,283.04,282.85
284.08,284.47,282.58,282.91,286.85,286.16,283.02,282.86
282.91,283.31,281.89,282.91,286.87,285.97,283.00,282.86
282.90,283.21,282.25,283.14,286.89,285.77,283.02,282.89
283.14,284.49,282.96,284.20,286.91,285.58,283.24,283.01
284.20,284.78,283.61,284.13,286.94,285.39,283.40,283.12
284.13,285.13,284.06,284.84,286.96,285.23,283.66,283.28
284.84,285.14,284.14,285.00,286.99,285.06,283.91,283.45
284.99,285.96,284.97,285.81,287.02,284.91,284.25,283.67
285.83,285.91,284.48,284.61,287.05,284.75,284.32,283.76
284.62,285.78,284.37,285.49,287.07,284.62,284.53,283.93
285.49,286.33,284.58,286.26,287.10,284.50,284.85,284.15
293.09,294.19,292.70,293.28,287.16,284.52,286.38,285.02
293.28,293.69,292.87,293.32,287.22,284.53,287.64,285.81
293.32,294.69,293.32,294.53,287.28,284.57,288.89,286.64
294.53,295.58,294.48,295.24,287.34,284.62,290.05,287.46
295.25,295.48,294.74,295.04,287.40,284.67,290.96,288.18
295.03,295.25,294.64,295.00,287.45,284.76,291.69,288.83
295.01,295.06,294.53,294.81,287.50,284.83,292.26,289.40
294.81,295.78,294.76,295.77,287.55,284.92,292.90,290.01
295.78,295.79,295.34,295.59,287.59,285.01,293.39,290.54
295.59,295.94,295.39,295.64,287.64,285.13,293.80,291.02
295.65,296.07,295.41,295.68,287.68,285.32,294.14,291.47
295.68,295.98,295.34,295.78,287.72,285.53,294.44,291.88
295.79,296.75,294.94,294.94,287.77,285.71,294.53,292.17
294.41,294.73,293.52,294.65,287.81,285.91,294.55,292.41
294.67,295.88,294.61,295.08,287.85,286.13,294.65,292.66
295.07,295.43,294.20,295.28,287.89,286.40,294.76,292.91
295.27,295.79,294.93,295.77,287.93,286.69,294.95,293.18
295.78,295.99,295.21,295.46,287.97,286.96,295.04,293.40
295.45,295.68,294.89,295.17,288.00,287.24,295.06,293.57
295.17,295.34,294.73,295.22,288.03,287.53,295.09,293.73
295.22,295.47,294.95,295.36,288.08,287.82,295.14,293.88
295.35,295.68,295.19,295.50,288.12,288.14,295.21,294.03
295.50,296.04,295.05,295.71,288.16,288.45,295.30,294.19
295.72,296.21,293.73,294.04,288.20,288.70,295.07,294.18
294.05,295.83,293.69,294.81,288.24,289.06,295.02,294.24
294.80,294.80,291.95,292.21,288.26,289.36,294.51,294.05
295.83,296.79,295.57,296.61,288.31,289.69,294.89,294.29
296.61,297.55,296.47,297.31,288.36,290.04,295.33,294.58
297.32,297.50,296.95,297.09,288.40,290.39,295.65,294.82
297.09,297.87,296.93,297.76,288.46,290.73,296.03,295.10
297.76,297.87,297.48,297.58,288.51,291.03,296.32,295.33
297.57,297.74,296.52,296.90,288.54,291.30,296.42,295.48
296.90,297.08,296.10,296.89,288.56,291.60,296.51,295.62
296.87,296.99,295.97,296.20,288.58,291.87,296.45,295.67
296.20,296.86,296.15,296.50,288.60,292.16,296.46,295.75
296.50,296.95,295.81,296.26,288.62,292.40,296.42,295.80
296.26,297.43,296.16,297.11,288.64,292.65,296.55,295.92
297.11,297.25,296.22,297.17,288.65,292.91,296.66,296.04
297.16,297.34,296.29,296.96,288.67,293.17,296.72,296.13
296.80,297.67,296.27,297.14,288.68,293.45,296.79,296.23
297.13,297.43,296.36,296.79,288.70,293.73,296.79,296.28
296.80,296.80,295.26,295.83,288.71,293.99,296.62,296.24
295.83,295.83,293.69,294.30,288.71,294.19,296.20,296.05
294.33,295.35,294.23,294.87,288.72,294.40,295.95,295.94
294.87,295.93,294.85,295.38,288.74,294.61,295.85,295.89
295.37,295.46,294.58,294.95,288.75,294.81,295.69,295.80
294.95,295.82,294.73,295.29,288.77,295.00,295.61,295.75
295.29,295.45,294.84,295.19,288.79,295.21,295.54,295.70
295.19,295.81,295.09,295.66,288.82,295.42,295.56,295.69
295.66,295.80,294.38,294.72,288.85,295.59,295.41,295.60
294.72,295.66,294.71,295.30,288.88,295.63,295.39,295.57
295.30,295.48,294.51,294.88,288.90,295.66,295.30,295.51
294.56,294.85,293.37,294.28,288.93,295.65,295.11,295.39
294.28,294.37,293.22,294.36,288.95,295.64,294.97,295.29
294.36,294.53,293.35,293.46,288.97,295.60,294.70,295.12
293.43,294.65,293.28,293.72,288.99,295.58,294.52,294.98
293.72,294.19,293.52,293.98,289.01,295.56,294.42,294.89
293.98,294.22,293.67,294.01,289.05,295.53,294.35,294.80
294.03,294.73,294.02,294.43,289.10,295.50,294.36,294.77
294.42,294.83,294.30,294.68,289.15,295.48,294.42,294.76
294.68,294.82,294.36,294.75,289.20,295.47,294.48,294.76
294.76,295.36,294.72,295.14,289.26,295.45,294.60,294.80
295.14,295.45,294.77,295.04,289.33,295.45,294.68,294.82
295.03,295.28,294.25,294.56,289.39,295.45,294.66,294.79
294.58,295.63,294.44,295.44,289.45,295.46,294.80,294.86
301.96,302.19,300.66,300.84,289.55,295.57,295.90,295.43
300.83,301.39,300.37,301.36,289.64,295.68,296.89,295.99
301.35,301.54,300.84,301.30,289.74,295.80,297.69,296.50
301.29,301.58,300.35,300.87,289.83,295.91,298.27,296.91
300.87,300.88,299.90,300.41,289.91,296.02,298.66,297.25
300.41,300.71,300.08,300.37,290.01,296.12,298.97,297.54
300.37,301.08,300.36,301.03,290.11,296.23,299.34,297.88
301.04,301.47,300.89,301.42,290.22,296.34,299.72,298.21
301.42,301.47,301.09,301.11,290.32,296.48,299.97,298.49
301.14,301.45,301.02,301.24,290.42,296.61,300.20,298.75
301.24,301.34,300.74,301.04,290.51,296.79,300.36,298.97
301.04,301.08,300.52,300.70,290.61,296.87,300.42,299.13
300.72,300.93,298.69,299.20,290.70,296.91,300.20,299.14
302.14,302.22,299.57,299.89,290.79,296.96,300.14,299.21
299.91,300.59,299.27,299.91,290.89,297.01,300.10,299.28
299.91,299.91,296.87,298.04,290.96,297.02,299.73,299.16
298.04,298.96,297.41,298.93,291.04,297.06,299.58,299.14
298.93,299.62,297.54,299.55,291.12,297.11,299.57,299.18
299.54,300.22,299.28,299.73,291.18,297.18,299.60,299.23
299.75,300.52,299.56,300.17,291.24,297.25,299.71,299.32
300.17,300.49,299.45,300.27,291.31,297.34,299.81,299.41
300.28,300.43,299.67,300.36,291.36,297.40,299.91,299.50
300.36,301.54,300.36,301.21,291.43,297.48,300.15,299.66
301.22,301.78,300.84,301.74,291.49,297.58,300.44,299.86
301.74,302.11,301.38,302.02,291.56,297.67,300.72,300.07
302.02,303.57,301.57,303.48,291.63,297.81,301.22,300.39
304.69,304.87,303.32,304.16,291.71,297.97,301.76,300.75
304.15,304.93,303.67,304.45,291.79,298.18,302.25,301.10
304.46,305.19,304.14,305.09,291.87,298.38,302.76,301.48
305.09,305.37,304.50,305.27,291.96,298.58,303.22,301.84
305.27,305.58,304.57,305.55,292.05,298.79,303.64,302.20
305.55,305.77,305.22,305.44,292.15,299.00,303.97,302.51
305.44,306.43,305.33,306.25,292.25,299.22,304.39,302.86
306.25,306.69,306.25,306.63,292.35,299.44,304.79,303.22
306.63,306.84,306.24,306.46,292.45,299.67,305.10,303.53
306.46,306.65,305.86,306.00,292.55,299.88,305.26,303.77
306.00,306.30,305.46,305.97,292.64,300.11,305.39,303.98
305.97,306.46,304.36,304.43,292.73,300.31,305.22,304.02
304.43,304.72,302.24,302.97,292.81,300.48,304.81,303.92
302.46,303.14,301.78,302.23,292.89,300.66,304.34,303.76
302.24,302.59,301.14,301.56,292.97,300.81,303.83,303.55
301.56,302.04,300.63,301.03,293.04,300.95,303.32,303.31
301.02,301.73,300.48,301.36,293.12,301.10,302.97,303.12
301.37,302.06,300.97,301.67,293.20,301.25,302.73,302.98
301.67,301.95,300.69,301.12,293.27,301.38,302.44,302.81
301.10,302.27,299.47,301.63,293.33,301.51,302.29,302.70
301.63,301.87,301.11,301.41,293.40,301.64,302.13,302.57
301.43,301.58,300.72,301.13,293.47,301.76,301.95,302.44
301.13,303.03,300.95,302.86,293.53,301.93,302.11,302.48
302.86,303.64,300.07,303.57,293.60,302.09,302.38,302.58
303.56,304.58,303.08,303.64,293.68,302.14,302.61,302.68
303.62,304.96,303.32,304.49,293.75,302.21,302.95,302.85
303.63,304.71,303.06,304.21,293.83,302.27,303.18,302.98
304.21,305.09,303.95,304.98,293.91,302.35,303.51,303.17
304.98,305.29,304.66,305.07,294.00,302.44,303.79,303.35
305.07,305.14,304.25,304.52,294.08,302.52,303.92,303.46
304.51,305.08,304.45,305.01,294.17,302.60,304.12,303.61
305.01,305.43,304.71,305.30,294.24,302.68,304.33,303.77
305.29,305.67,305.29,305.50,294.31,302.77,304.55,303.94
305.50,306.11,305.47,306.00,294.39,302.86,304.81,304.13
306.00,306.21,305.76,305.91,294.46,302.96,305.01,304.30
305.91,305.99,305.55,305.56,294.53,303.06,305.11,304.42
305.56,306.04,305.47,305.98,294.60,303.19,305.27,304.57
305.98,306.15,305.41,305.84,294.67,303.31,305.37,304.69
305.84,306.02,305.25,305.58,294.74,303.43,305.41,304.78
306.52,306.60,305.52,306.27,294.82,303.59,305.57,304.92
306.28,307.18,306.28,307.16,294.90,303.76,305.86,305.13
307.17,307.26,305.83,306.39,294.97,303.89,305.95,305.25
306.37,306.41,305.10,305.75,295.04,304.01,305.92,305.30
305.75,306.34,305.57,305.86,295.11,304.13,305.91,305.35
305.84,306.47,305.76,306.46,295.19,304.25,306.01,305.46
306.46,306.55,306.24,306.41,295.26,304.37,306.08,305.55
306.41,306.97,306.38,306.89,295.34,304.48,306.23,305.68
306.89,307.14,306.73,307.06,295.42,304.59,306.38,305.81
307.06,307.19,306.58,306.72,295.49,304.69,306.44,305.89
306.70,306.94,306.15,306.79,295.56,304.75,306.50,305.98
306.79,306.89,306.03,306.43,295.63,304.80,306.49,306.02
306.43,308.13,306.19,308.08,295.70,304.87,306.78,306.22
310.26,310.86,309.94,310.57,295.79,304.98,307.47,306.63
310.58,310.97,310.45,310.92,295.88,305.09,308.10,307.04
310.91,311.36,310.77,311.01,295.97,305.20,308.63,307.42
311.01,311.96,310.97,311.66,296.06,305.33,309.18,307.82
311.66,312.06,311.51,311.72,296.15,305.43,309.64,308.19
311.72,311.74,311.22,311.55,296.25,305.53,309.99,308.51
311.55,311.72,311.19,311.22,296.35,305.63,310.21,308.77
311.23,311.66,311.13,311.55,296.44,305.74,310.45,309.04
311.57,311.67,311.19,311.36,296.54,305.85,310.62,309.26
311.36,312.16,311.30,312.03,296.63,306.00,310.88,309.52
312.03,312.38,311.85,312.13,296.73,306.18,311.10,309.77
312.13,312.69,311.93,312.60,296.83,306.39,311.37,310.04
312.60,313.22,312.04,312.09,296.94,306.60,311.50,310.23
311.12,312.25,310.96,312.09,297.04,306.82,311.61,310.41
312.08,312.66,311.89,312.56,297.15,307.05,311.78,310.62
312.55,313.00,312.39,312.77,297.26,307.27,311.96,310.82
312.78,312.89,311.08,311.38,297.37,307.47,311.86,310.87
311.38,311.84,311.20,311.53,297.49,307.67,311.80,310.94
311.53,311.75,311.10,311.36,297.62,307.87,311.72,310.98
311.36,311.36,310.48,310.50,297.74,308.06,311.50,310.93
310.50,310.92,310.39,310.53,297.87,308.21,311.32,310.89
310.54,311.68,310.54,311.51,298.01,308.37,311.36,310.95
311.50,311.69,311.25,311.52,298.16,308.53,311.39,311.01
311.53,311.62,310.14,310.15,298.30,308.64,311.16,310.92
310.14,310.59,309.08,310.09,298.45,308.76,310.97,310.85
310.10,311.34,309.94,311.31,298.60,308.88,311.03,310.89
317.41,318.65,317.16,317.65,298.78,309.14,312.23,311.53
317.64,318.68,317.50,318.05,298.97,309.41,313.29,312.15
318.05,319.19,317.92,319.15,299.16,309.69,314.36,312.82
319.17,320.67,319.07,320.61,299.37,310.00,315.49,313.56
320.61,321.28,320.06,320.32,299.56,310.29,316.37,314.21
320.32,320.45,319.22,319.88,299.78,310.57,317.01,314.75
319.88,320.35,319.83,320.13,299.99,310.85,317.58,315.26
320.13,320.66,319.68,320.65,300.19,311.16,318.14,315.77
320.64,320.74,320.00,320.07,300.40,311.44,318.49,316.18
320.07,320.61,319.81,320.20,300.60,311.73,318.80,316.56
320.20,320.56,319.30,319.70,300.79,312.01,318.96,316.86
319.70,320.14,318.94,320.09,300.98,312.28,319.17,317.17
320.09,320.10,318.37,319.28,301.16,312.53,319.19,317.37
320.30,321.21,320.15,320.79,301.35,312.81,319.48,317.70
320.79,320.90,319.69,319.90,301.54,313.10,319.56,317.91
319.89,320.93,319.63,320.73,301.73,313.39,319.77,318.18
320.75,321.37,320.67,321.16,301.92,313.69,320.02,318.46
321.16,321.27,320.60,320.85,302.10,313.98,320.17,318.69
320.86,321.12,320.48,320.54,302.28,314.25,320.24,318.86
320.54,321.02,320.51,320.84,302.47,314.53,320.35,319.05
320.84,321.20,320.74,321.09,302.66,314.81,320.48,319.25
321.09,321.91,320.93,321.76,302.85,315.11,320.72,319.49
321.76,322.16,321.62,322.06,303.05,315.43,320.96,319.73
322.06,322.14,321.78,322.07,303.24,315.71,321.16,319.95
322.06,322.10,321.67,321.85,303.42,315.93,321.29,320.13
321.85,323.41,321.79,323.25,303.62,316.18,321.64,320.43
320.26,320.76,319.66,319.76,303.79,316.35,321.30,320.37
319.76,320.45,319.36,320.12,303.96,316.52,321.09,320.34
320.12,321.69,320.03,321.37,304.14,316.71,321.14,320.44
321.37,321.75,320.93,321.32,304.32,316.91,321.17,320.52
321.32,321.41,320.47,320.62,304.50,317.10,321.07,320.53
320.62,320.99,320.16,320.98,304.63,317.29,321.05,320.58
320.98,321.45,320.33,321.42,304.77,317.49,321.12,320.66
321.41,321.94,321.26,321.94,304.91,317.69,321.27,320.78
321.93,322.22,321.87,321.97,305.05,317.88,321.40,320.89
321.97,322.08,320.95,321.01,305.18,318.05,321.33,320.90
321.01,321.75,320.96,321.71,305.31,318.24,321.40,320.98
321.71,322.37,321.33,322.21,305.45,318.45,321.54,321.10
322.21,322.22,320.48,320.81,305.57,318.61,321.41,321.07
321.40,321.78,319.62,320.29,305.69,318.76,321.21,320.99
320.29,320.60,318.64,319.04,305.81,318.91,320.81,320.81
319.04,320.03,318.22,318.70,305.93,319.06,320.43,320.61
318.69,319.95,318.55,319.64,306.05,319.22,320.28,320.52
319.65,320.16,318.91,319.71,306.17,319.41,320.18,320.44
319.76,320.51,319.39,320.32,306.30,319.60,320.20,320.43
320.31,320.38,319.95,320.23,306.42,319.78,320.21,320.41
320.24,320.51,319.79,320.10,306.55,319.95,320.19,320.38
320.10,320.40,319.87,319.95,306.67,320.15,320.15,320.34
319.95,322.39,318.94,322.09,306.80,320.39,320.50,320.51
322.09,322.18,319.03,319.93,306.93,320.56,320.40,320.45
319.94,321.41,318.88,321.34,307.06,320.63,320.57,320.53
321.34,321.48,318.89,319.01,307.17,320.65,320.28,320.39
311.31,312.15,310.01,311.65,307.26,320.50,318.71,319.56
311.66,311.96,310.16,310.18,307.33,320.29,317.16,318.66
310.18,311.20,308.92,309.10,307.40,320.07,315.70,317.75
309.08,309.56,308.36,308.79,307.47,319.85,314.44,316.90
308.80,309.01,307.16,308.01,307.55,319.60,313.27,316.05
308.00,308.02,304.92,305.36,307.60,319.30,311.83,315.03
305.36,306.70,303.75,304.23,307.63,318.98,310.45,314.01
304.22,305.87,303.93,304.88,307.67,318.67,309.44,313.14
304.89,305.38,303.77,304.72,307.70,318.37,308.58,312.33
304.71,304.77,302.99,303.95,307.74,318.05,307.74,311.54
303.95,304.08,301.06,301.77,307.76,317.70,306.65,310.61
301.77,302.90,300.25,300.71,307.78,317.30,305.57,309.66
300.71,302.58,300.01,300.59,307.80,316.91,304.67,308.80
308.32,309.08,307.06,307.63,307.86,316.65,305.20,308.69
307.63,308.42,306.06,306.07,307.91,316.35,305.36,308.44
306.09,306.51,302.67,302.68,307.93,315.99,304.87,307.89
302.67,303.73,300.46,302.38,307.96,315.62,304.42,307.37
302.38,305.28,301.82,305.22,308.00,315.31,304.57,307.16
305.21,305.89,303.84,304.31,308.04,314.98,304.52,306.89
304.31,304.40,302.59,303.79,308.07,314.62,304.39,306.59
303.79,304.01,301.47,301.85,308.10,314.21,303.93,306.14
301.85,302.23,298.74,298.88,308.13,313.75,303.01,305.45
298.88,301.29,298.60,301.08,308.16,313.33,302.66,305.03
301.08,302.68,300.35,302.10,308.19,312.91,302.56,304.75
302.10,303.73,301.06,301.71,308.22,312.55,302.40,304.46
301.71,305.07,301.16,304.27,308.27,312.23,302.74,304.45
298.01,300.11,296.74,299.95,308.29,311.80,302.23,304.02
299.94,301.33,299.40,299.99,308.31,311.38,301.83,303.63
299.99,301.76,299.27,300.93,308.34,310.98,301.66,303.38
300.93,302.63,300.75,301.78,308.38,310.60,301.68,303.22
301.78,302.29,301.05,301.92,308.41,310.21,301.73,303.10
301.89,303.79,301.65,303.56,308.46,309.84,302.06,303.14
303.56,304.42,303.06,304.37,308.51,309.49,302.48,303.26
304.36,305.31,304.09,304.46,308.56,309.16,302.84,303.37
304.46,304.83,303.81,304.06,308.62,308.81,303.06,303.44
304.06,308.22,304.06,307.90,308.69,308.52,303.94,303.86
307.90,308.28,306.52,306.73,308.75,308.24,304.45,304.14
306.74,307.79,305.84,305.90,308.81,307.95,304.71,304.31
305.86,307.12,304.54,307.03,308.87,307.71,305.13,304.56
315.56,315.56,313.77,314.54,308.97,307.63,306.84,305.51
314.54,315.54,314.18,315.37,309.07,307.54,308.39,306.45
315.37,315.64,309.06,309.44,309.14,307.34,308.58,306.74
309.44,312.83,307.67,312.55,309.23,307.18,309.31,307.29
312.55,313.70,311.74,312.26,309.31,307.02,309.84,307.76
312.27,312.80,311.17,312.65,309.37,306.87,310.35,308.23
312.64,314.18,312.59,313.48,309.43,306.74,310.92,308.73
313.48,314.94,313.23,313.70,309.50,306.57,311.43,309.20
313.69,313.87,312.14,312.70,309.55,306.43,311.66,309.54
312.70,314.37,312.21,313.34,309.62,306.27,311.96,309.90
313.34,314.21,312.74,313.07,309.68,306.15,312.16,310.20
313.07,313.32,310.61,312.08,309.74,306.16,312.15,310.38
312.08,313.03,311.19,312.93,309.80,306.21,312.29,310.62
314.04,314.11,312.02,312.66,309.85,306.29,312.36,310.82
312.65,313.46,311.39,311.66,309.91,306.34,312.23,310.90
311.66,313.38,311.16,312.82,309.96,306.44,312.34,311.08
312.81,313.11,311.93,312.35,310.02,306.58,312.34,311.20
312.35,313.17,312.15,313.10,310.09,306.76,312.48,311.38
313.11,313.18,312.46,312.88,310.16,306.92,312.55,311.52
312.88,313.98,312.84,313.54,310.23,307.09,312.73,311.72
313.55,314.16,313.52,314.02,310.31,307.29,312.97,311.94
314.02,314.39,313.68,313.68,310.38,307.53,313.10,312.10
313.68,314.10,313.15,313.71,310.45,307.79,313.21,312.25
313.71,314.15,313.02,313.06,310.52,308.04,313.18,312.33
313.06,313.06,311.45,311.85,310.57,308.13,312.94,312.29
311.84,312.31,310.86,311.57,310.63,308.24,312.69,312.22
309.98,311.55,309.51,310.78,310.68,308.40,312.34,312.08
310.76,311.86,310.75,311.15,310.73,308.57,312.13,311.99
311.15,312.30,310.22,312.21,310.79,308.71,312.14,312.01
312.20,312.30,311.56,311.73,310.83,308.86,312.07,311.99
311.73,312.07,310.75,310.92,310.87,309.00,311.86,311.88
310.92,311.58,310.44,311.40,310.91,309.20,311.77,311.84
311.41,311.51,310.81,311.39,310.94,309.45,311.70,311.80
311.38,311.70,311.16,311.56,310.97,309.66,311.68,311.77
311.56,311.99,311.49,311.85,311.01,309.85,311.71,311.78
311.85,311.93,310.66,311.21,311.04,310.04,311.62,311.73
311.21,311.74,310.47,310.53,311.06,310.17,311.42,311.61
310.52,310.84,310.06,310.77,311.08,310.38,311.30,311.53
310.77,312.00,310.57,311.74,311.11,310.62,311.38,311.55
314.10,314.38,312.71,312.96,311.14,310.86,311.67,311.69
312.96,313.38,312.71,313.04,311.18,311.08,311.92,311.81
313.05,313.09,312.08,312.28,311.21,311.29,311.98,311.86
312.27,312.96,311.60,312.25,311.25,311.46,312.03,311.90
312.24,312.33,311.56,311.69,311.29,311.61,311.97,311.88
311.69,311.76,307.95,309.22,311.33,311.71,311.47,311.62
309.22,310.54,308.54,310.42,311.37,311.83,311.28,311.51
310.42,310.47,308.66,308.91,311.41,311.85,310.85,311.26
308.89,309.43,307.89,307.90,311.44,311.88,310.31,310.94
307.90,308.70,306.53,307.60,311.47,311.91,309.82,310.62
307.60,309.63,307.21,309.42,311.51,311.96,309.75,310.51
309.43,310.54,308.70,309.91,311.56,311.87,309.78,310.45
309.91,310.30,308.54,308.58,311.59,311.73,309.56,310.27
307.95,308.67,306.75,308.51,311.63,311.71,309.37,310.11
308.51,309.67,308.30,309.37,311.66,311.65,309.37,310.04
309.37,309.45,308.15,308.16,311.68,311.57,309.15,309.86
308.16,309.20,307.85,309.06,311.71,311.49,309.13,309.78
309.06,309.46,308.73,309.10,311.73,311.41,309.13,309.72
309.10,310.47,309.10,310.25,311.76,311.34,309.33,309.77
310.26,310.81,310.01,310.50,311.79,311.29,309.54,309.84
310.51,310.81,310.21,310.27,311.82,311.23,309.67,309.88
310.27,310.62,309.96,310.45,311.85,311.18,309.82,309.93
310.46,310.47,309.72,310.31,311.87,311.14,309.91,309.97
310.31,311.04,310.23,310.96,311.90,311.10,310.10,310.06
310.95,311.05,309.30,309.69,311.92,311.05,310.02,310.03
309.69,310.84,309.68,310.66,311.95,311.03,310.14,310.09
313.50,313.84,312.62,312.98,311.98,311.03,310.65,310.36
312.98,313.57,312.30,313.56,312.02,311.05,311.18,310.67
313.56,313.65,312.11,312.78,312.06,311.05,311.47,310.87
312.77,314.18,312.38,313.99,312.10,311.07,311.93,311.17
313.99,314.04,313.14,313.82,312.14,311.07,312.27,311.42
313.82,314.03,313.42,313.74,312.17,311.07,312.54,311.64
313.74,313.90,313.40,313.67,312.21,311.07,312.75,311.83
313.67,314.36,313.64,314.22,312.25,311.08,313.01,312.06
314.22,314.50,313.50,314.18,312.29,311.10,313.23,312.26
314.20,314.20,313.40,313.86,312.33,311.14,313.34,312.41
313.86,314.10,313.11,313.36,312.36,311.18,313.34,312.50
313.36,313.61,312.63,312.72,312.39,311.22,313.23,312.52
312.72,313.08,311.61,312.03,312.42,311.23,313.01,312.48
309.84,310.51,307.65,307.75,312.42,311.14,312.05,312.03
307.75,308.37,307.00,308.27,312.43,311.07,311.37,311.67
308.26,308.27,306.15,306.48,312.43,310.99,310.48,311.17
306.48,306.82,304.29,304.97,312.42,310.86,309.48,310.58
304.97,305.12,302.10,303.46,312.40,310.70,308.38,309.91
303.46,304.52,303.08,304.09,312.37,310.55,307.60,309.35
304.08,305.33,303.63,305.24,312.34,310.42,307.17,308.96
305.24,305.50,303.83,303.89,312.30,310.27,306.58,308.48
303.89,303.91,303.03,303.86,312.26,310.14,306.08,308.04
303.86,304.66,302.78,304.55,312.23,310.01,305.80,307.71
304.55,304.83,303.52,303.70,312.19,309.85,305.42,307.32
303.70,305.74,303.70,304.67,312.16,309.69,305.28,307.07
304.67,305.68,303.63,304.13,312.12,309.51,305.07,306.79
303.47,303.83,301.28,302.98,312.08,309.32,304.69,306.43
302.99,304.98,302.87,304.77,312.04,309.17,304.71,306.27
304.78,304.95,303.46,303.96,312.00,309.02,304.57,306.05
303.96,304.38,302.64,303.90,311.96,308.91,304.45,305.85
303.89,304.13,302.51,303.84,311.92,308.78,304.34,305.65
303.84,305.12,303.84,304.54,311.88,308.69,304.38,305.55
304.54,305.27,303.97,304.66,311.84,308.63,304.43,305.46
304.66,304.87,304.12,304.50,311.80,308.57,304.44,305.37
304.50,305.03,304.06,304.57,311.76,308.47,304.46,305.30
304.56,304.85,303.82,304.17,311.73,308.35,304.41,305.19
304.17,304.50,303.50,304.27,311.69,308.27,304.39,305.10
304.26,306.98,304.00,306.69,311.67,308.23,304.80,305.25
306.69,307.64,306.18,307.29,311.66,308.19,305.26,305.45
306.17,306.39,304.52,305.23,311.62,308.13,305.25,305.43
305.23,305.25,302.07,302.86,311.58,308.01,304.82,305.18
302.86,303.10,300.69,301.51,311.54,307.86,304.22,304.83
301.54,302.84,301.45,301.99,311.50,307.69,303.81,304.56
301.99,302.91,301.39,302.60,311.45,307.53,303.59,304.37
302.61,302.67,300.50,301.64,311.37,307.36,303.24,304.11
301.64,301.92,300.74,301.83,311.29,307.19,302.98,303.90
301.80,302.50,301.54,302.14,311.21,307.02,302.83,303.73
302.14,302.58,301.71,301.79,311.11,306.84,302.64,303.54
301.79,302.09,300.63,300.89,311.02,306.66,302.32,303.29
300.89,301.09,299.85,300.47,310.92,306.46,301.98,303.02
300.46,301.04,299.66,300.35,310.82,306.21,301.69,302.77
300.35,301.46,299.42,300.02,310.72,305.94,301.38,302.51
301.42,301.73,298.93,300.59,310.62,305.69,301.24,302.32
300.58,302.38,300.57,301.95,310.53,305.45,301.37,302.29
301.97,303.43,301.92,302.58,310.44,305.23,301.59,302.32
302.59,303.33,301.49,303.21,310.36,305.02,301.88,302.40
303.21,303.38,302.57,302.69,310.28,304.80,302.03,302.43
302.69,303.67,302.69,303.54,310.19,304.58,302.30,302.53
303.54,303.81,303.27,303.35,310.11,304.37,302.49,302.61
303.35,303.62,303.21,303.58,310.02,304.16,302.69,302.70
303.57,304.02,303.38,303.63,309.93,303.97,302.86,302.79
303.64,303.83,303.04,303.12,309.84,303.78,302.91,302.82
303.12,303.51,302.70,302.93,309.76,303.59,302.91,302.83
302.94,303.10,302.22,302.82,309.67,303.50,302.90,302.83
302.83,304.45,302.44,304.44,309.58,303.42,303.18,302.99
304.01,305.38,303.82,304.79,309.50,303.38,303.47,303.16
304.80,305.96,304.73,305.47,309.41,303.39,303.83,303.38
305.47,306.68,305.24,306.56,309.34,303.46,304.33,303.68
306.56,307.33,306.44,306.89,309.26,303.51,304.79,303.99
306.89,306.92,306.27,306.79,309.18,303.54,305.16,304.25
306.79,307.53,306.60,307.21,309.12,303.61,305.53,304.53
307.21,307.39,306.20,306.31,309.05,303.66,305.67,304.70
306.31,306.56,305.69,306.44,308.97,303.70,305.81,304.87
306.44,306.63,305.91,306.52,308.90,303.75,305.94,305.03
306.52,307.06,306.03,307.06,308.83,303.80,306.14,305.22
307.06,307.43,306.90,307.42,308.76,303.87,306.37,305.43
307.42,307.92,306.67,307.68,308.70,303.96,306.61,305.64
307.68,310.20,307.60,308.59,308.63,304.04,306.97,305.92
309.57,310.92,309.30,309.81,308.57,304.15,307.49,306.29
309.85,311.03,309.78,310.91,308.52,304.29,308.11,306.73
310.92,311.26,309.57,310.60,308.46,304.43,308.56,307.10
310.60,310.70,309.07,309.23,308.40,304.52,308.68,307.30
309.22,310.45,309.18,310.26,308.34,304.64,308.97,307.59
310.25,311.12,310.11,310.99,308.30,304.76,309.34,307.91
310.98,311.44,310.45,310.78,308.26,304.89,309.60,308.18
310.78,310.94,310.30,310.81,308.22,305.02,309.82,308.43
310.81,311.07,310.31,310.74,308.17,305.15,309.99,308.65
310.74,311.28,310.67,310.92,308.13,305.24,310.16,308.87
310.92,311.18,310.30,310.91,308.08,305.31,310.29,309.06
310.91,311.70,310.77,311.50,308.04,305.43,310.51,309.30
311.50,311.89,310.44,310.56,307.99,305.59,310.52,309.42
314.24,315.48,314.14,315.37,307.97,305.86,311.40,309.98
315.37,315.70,313.56,313.61,307.92,306.10,311.80,310.33
313.61,314.33,312.78,312.91,307.89,306.30,312.01,310.57
312.91,313.13,312.04,312.83,307.85,306.53,312.16,310.79
312.83,313.85,312.79,313.61,307.82,306.76,312.42,311.06
313.61,313.71,312.86,313.69,307.83,306.99,312.65,311.31
313.69,313.80,313.23,313.71,307.85,307.23,312.84,311.54
313.70,313.76,313.38,313.63,307.87,307.49,312.99,311.74
313.62,314.20,313.57,313.76,307.90,307.75,313.13,311.93
313.76,314.16,313.51,314.06,307.93,308.03,313.30,312.13
314.07,314.40,313.94,314.09,307.97,308.31,313.44,312.32
314.09,314.21,313.25,313.30,308.01,308.56,313.42,312.41
313.32,313.47,311.51,312.18,308.05,308.77,313.19,312.39
316.38,316.88,315.87,316.72,308.11,309.05,313.83,312.80
316.72,317.68,315.56,315.97,308.17,309.31,314.22,313.10
315.95,316.95,315.69,316.90,308.25,309.59,314.71,313.47
316.90,317.16,316.70,317.14,308.33,309.86,315.15,313.82
317.14,317.23,316.44,316.45,308.41,310.12,315.39,314.07
316.45,316.58,316.00,316.26,308.45,310.38,315.54,314.27
316.25,316.58,316.09,316.48,308.50,310.63,315.71,314.48
316.49,316.56,316.02,316.56,308.57,310.90,315.87,314.68
316.56,316.68,316.35,316.63,308.64,311.18,316.01,314.87
316.62,316.64,315.56,315.97,308.70,311.44,316.00,314.97
315.97,316.38,315.71,315.99,308.76,311.67,316.00,315.07
315.99,316.27,315.63,316.22,308.82,311.90,316.04,315.18
316.23,317.24,315.86,316.99,308.89,312.13,316.21,315.35
315.38,316.25,314.90,315.99,308.98,312.32,316.17,315.41
315.99,317.05,315.83,316.77,309.06,312.52,316.28,315.54
316.77,316.93,316.05,316.83,309.13,312.72,316.38,315.66
316.83,317.52,316.72,317.26,309.21,312.92,316.54,315.82
317.26,317.36,316.58,316.73,309.27,313.13,316.57,315.90
316.74,316.98,316.12,316.35,309.35,313.32,316.53,315.95
316.35,316.46,315.93,316.37,309.44,313.52,316.50,315.99
316.38,316.56,315.72,316.24,309.51,313.71,316.46,316.01
316.24,316.44,315.98,316.20,309.58,313.88,316.41,316.03
316.20,316.30,315.61,315.67,309.65,314.04,316.27,315.99
315.67,315.68,315.04,315.53,309.71,314.18,316.14,315.95
315.53,315.53,314.68,314.98,309.77,314.28,315.93,315.86
314.98,315.12,313.37,313.70,309.81,314.34,315.52,315.65
314.59,316.19,314.21,316.10,309.87,314.45,315.63,315.69
316.10,316.30,315.12,315.25,309.91,314.57,315.56,315.65
315.25,315.77,315.04,315.39,309.95,314.67,315.53,315.63
315.38,315.47,312.70,313.47,309.99,314.72,315.15,315.42
313.47,314.37,313.34,314.14,310.03,314.79,314.97,315.30
314.14,314.73,313.99,314.58,310.03,314.86,314.90,315.23
314.59,314.94,314.10,314.92,310.02,314.95,314.90,315.20
314.91,314.95,313.58,313.93,310.05,315.01,314.73,315.08
313.93,314.43,313.70,313.86,310.05,315.07,314.57,314.96
313.86,314.64,313.60,314.39,310.06,315.12,314.53,314.91
314.39,314.71,313.82,314.57,310.07,315.20,314.54,314.88
314.57,315.95,314.53,315.55,310.08,315.21,314.72,314.94
315.55,316.17,315.16,316.13,310.10,315.26,314.98,315.05
316.85,317.10,315.35,316.10,310.11,315.32,315.18,315.15
316.10,316.40,314.58,315.16,310.12,315.37,315.18,315.15
315.17,315.41,311.82,311.94,310.12,315.34,314.59,314.85
311.95,312.59,310.68,311.75,310.11,315.30,314.07,314.55
311.75,312.34,310.99,312.24,310.11,315.27,313.74,314.33
312.24,313.43,312.07,313.00,310.11,315.25,313.61,314.21
313.00,313.62,312.75,313.51,310.12,315.25,313.59,314.14
313.50,314.35,313.26,313.91,310.13,315.25,313.65,314.12
313.91,314.41,313.22,313.39,310.13,315.23,313.60,314.05
313.38,314.67,313.18,314.54,310.14,315.26,313.77,314.09
314.55,314.91,314.22,314.88,310.15,315.31,313.97,314.17
314.87,315.54,313.90,313.93,310.15,315.26,313.96,314.15
313.95,315.19,313.29,314.42,310.15,315.22,314.05,314.17
314.26,315.09,313.47,314.01,310.16,315.17,314.04,314.16
313.98,314.81,312.76,314.66,310.16,315.12,314.15,314.21
314.66,315.65,314.48,315.08,310.17,315.09,314.32,314.29
315.07,315.53,314.50,315.34,310.19,315.07,314.51,314.39
315.29,315.93,314.85,315.85,310.21,315.06,314.75,314.53
315.85,316.13,315.14,315.21,310.23,315.03,314.83,314.59
315.21,315.88,314.91,315.83,310.25,315.02,315.02,314.71
315.83,316.03,315.63,315.96,310.27,315.02,315.19,314.83
315.96,316.67,315.71,316.51,310.30,315.03,315.43,314.99
316.51,316.67,316.18,316.40,310.32,315.03,315.60,315.12
316.41,316.95,316.35,316.92,310.35,315.03,315.84,315.30
316.92,317.46,316.51,317.35,310.38,315.06,316.12,315.49
317.34,317.88,316.99,317.64,310.41,315.07,316.39,315.70
320.06,320.44,319.49,319.59,310.45,315.13,316.98,316.07
319.60,321.12,319.23,321.09,310.50,315.20,317.72,316.54
321.09,321.67,320.43,321.65,310.56,315.30,318.44,317.03
321.67,322.34,321.51,322.24,310.61,315.42,319.13,317.53
322.24,322.35,321.45,321.72,310.66,315.53,319.60,317.93
321.72,322.03,321.55,321.79,310.71,315.64,320.00,318.29
321.80,322.03,321.54,321.65,310.75,315.75,320.30,318.61
321.66,322.46,321.55,322.27,310.80,315.88,320.66,318.96
322.27,322.71,321.85,321.92,310.85,316.01,320.89,319.24
321.92,322.06,319.77,319.88,310.89,316.11,320.70,319.30
319.88,320.63,319.07,320.41,310.95,316.24,320.65,319.41
320.40,320.51,317.09,317.11,310.98,316.26,320.01,319.19
317.10,317.33,314.13,314.84,311.01,316.25,319.07,318.78
313.25,315.31,312.00,313.89,311.04,316.22,318.13,318.31
313.84,314.36,312.33,314.32,311.07,316.24,317.43,317.93
314.30,315.92,314.28,314.82,311.10,316.25,316.96,317.63
314.82,315.81,314.30,315.29,311.13,316.27,316.66,317.41
315.31,316.67,315.09,316.00,311.16,316.29,316.54,317.28
316.00,316.64,315.29,315.89,311.20,316.33,316.42,317.14
315.89,316.33,315.15,315.31,311.23,316.36,316.22,316.97
315.31,315.75,314.52,315.51,311.27,316.38,316.09,316.83
315.51,316.99,315.41,316.34,311.30,316.41,316.13,316.78
316.34,317.67,315.90,317.24,311.34,316.45,316.33,316.83
317.24,317.62,316.42,317.40,311.38,316.47,316.53,316.88
317.42,317.56,315.77,317.34,311.41,316.50,316.68,316.93
317.35,319.76,317.18,318.89,311.46,316.57,317.08,317.11
322.48,322.64,321.23,321.88,311.51,316.77,317.95,317.57
321.88,322.50,321.13,322.46,311.58,316.99,318.77,318.03
322.46,323.04,322.15,322.24,311.63,317.19,319.40,318.43
322.24,322.47,320.56,321.73,311.69,317.36,319.83,318.75
321.73,321.83,319.74,319.75,311.74,317.49,319.81,318.84
319.75,320.72,319.27,320.64,311.78,317.62,319.96,319.01
320.64,321.12,319.80,321.07,311.81,317.77,320.16,319.21
321.08,321.63,320.70,321.33,311.86,317.91,320.38,319.41
321.32,321.78,320.93,321.10,311.89,318.03,320.51,319.57
321.10,322.19,320.77,321.88,311.93,318.19,320.76,319.79
321.88,322.21,320.91,320.92,311.97,318.32,320.79,319.90
320.92,321.65,320.19,321.58,312.01,318.47,320.93,320.06
321.58,322.59,321.36,321.87,312.05,318.62,321.10,320.23
319.78,320.46,319.10,319.73,312.07,318.71,320.85,320.18
319.74,320.33,319.09,320.24,312.10,318.81,320.74,320.19
320.25,320.73,319.80,319.88,312.14,318.89,320.58,320.16
319.90,320.30,319.34,319.96,312.17,318.99,320.47,320.14
319.97,320.05,319.28,319.80,312.21,319.06,320.35,320.11
319.80,320.02,319.24,319.56,312.27,319.14,320.21,320.06
319.56,320.10,319.51,319.70,312.33,319.20,320.11,320.02
319.69,320.60,319.62,320.57,312.40,319.28,320.20,320.07
320.57,320.60,319.88,319.93,312.47,319.34,320.15,320.06
319.93,320.64,319.85,320.49,312.56,319.41,320.21,320.10
320.49,320.61,319.25,319.37,312.64,319.44,320.06,320.03
319.38,320.86,319.21,320.81,312.71,319.47,320.19,320.11
320.80,321.28,320.23,320.82,312.80,319.46,320.31,320.17
321.82,322.09,320.93,321.32,312.89,319.45,320.49,320.28
321.32,321.50,319.84,320.11,312.96,319.41,320.42,320.27
320.11,321.03,319.74,321.01,313.05,319.40,320.53,320.34
321.00,321.42,320.94,321.16,313.13,319.38,320.64,320.42
321.16,321.53,320.68,321.39,313.22,319.38,320.78,320.51
321.39,321.68,321.27,321.45,313.31,319.36,320.90,320.60
321.44,321.61,321.09,321.21,313.39,319.35,320.96,320.66
321.21,321.58,320.91,321.43,313.48,319.38,321.04,320.73
321.44,321.47,321.09,321.24,313.57,319.40,321.08,320.78
321.25,322.09,321.24,321.93,313.66,319.49,321.23,320.89
321.93,322.23,321.65,322.01,313.74,319.64,321.37,321.00
322.01,322.30,321.67,322.30,313.83,319.80,321.54,321.12
322.30,322.57,321.55,321.68,313.92,319.95,321.57,321.17
321.41,322.14,320.62,321.13,314.00,320.08,321.49,321.17
321.15,322.65,320.93,322.63,314.09,320.22,321.70,321.31
322.63,323.02,322.42,322.49,314.19,320.35,321.84,321.42
322.49,322.80,322.33,322.74,314.27,320.49,322.00,321.55
322.74,323.14,322.64,322.86,314.34,320.64,322.16,321.67
322.86,323.09,322.46,322.74,314.43,320.79,322.26,321.77
322.74,323.06,322.67,323.02,314.53,320.92,322.40,321.89
323.02,323.32,322.86,323.30,314.64,321.04,322.56,322.03
323.30,323.81,323.15,323.71,314.75,321.17,322.77,322.19
323.71,323.75,323.52,323.73,314.85,321.30,322.95,322.33
323.74,323.98,323.69,323.78,314.97,321.39,323.10,322.47
323.78,324.59,323.64,324.53,315.08,321.45,323.36,322.67
324.53,325.13,324.29,324.34,315.19,321.48,323.54,322.83
326.48,326.93,325.89,326.71,315.31,321.57,324.11,323.20
326.71,326.91,325.48,325.76,315.44,321.65,324.41,323.44
325.77,326.66,325.44,326.40,315.57,321.79,324.77,323.72
326.40,326.65,325.68,326.43,315.70,321.90,325.08,323.98
326.43,326.67,325.62,326.01,315.83,322.00,325.25,324.17
326.01,326.15,325.59,326.05,315.96,322.10,325.39,324.35
326.04,326.30,325.76,326.29,316.08,322.20,325.56,324.54
326.29,326.37,325.77,326.31,316.20,322.29,325.69,324.71
326.31,326.69,326.24,326.52,316.31,322.40,325.84,324.88
326.52,326.85,326.34,326.61,316.43,322.50,325.98,325.04
326.61,326.62,326.26,326.42,316.55,322.59,326.06,325.17
326.43,326.51,324.87,325.02,316.66,322.70,325.87,325.16
325.02,325.37,323.94,324.97,316.76,322.79,325.71,325.14
324.62,326.16,324.54,325.71,316.87,322.91,325.71,325.20
325.72,326.02,325.28,325.30,316.98,323.02,325.63,325.21
325.31,325.79,324.70,325.20,317.10,323.12,325.56,325.21
325.20,325.47,324.50,325.39,317.21,323.24,325.53,325.22
325.39,325.80,325.32,325.60,317.31,323.36,325.54,325.26
325.60,326.32,325.44,325.99,317.42,323.47,325.62,325.33
325.99,326.09,325.68,325.87,317.52,323.59,325.67,325.38
325.86,326.03,325.66,325.76,317.62,323.69,325.68,325.42
325.76,325.82,324.74,324.77,317.71,323.80,325.52,325.35
324.77,325.53,324.73,325.53,317.80,323.89,325.52,325.37
325.53,325.94,325.22,325.76,317.89,323.99,325.56,325.41
325.76,326.48,325.67,326.02,317.99,324.09,325.65,325.47
326.02,327.20,325.93,326.83,318.09,324.22,325.86,325.60
326.45,327.23,326.12,326.99,318.20,324.34,326.07,325.73
327.00,327.09,325.52,326.40,318.29,324.44,326.13,325.79
326.40,326.96,326.15,326.26,318.39,324.54,326.15,325.84
326.26,326.75,325.83,326.68,318.48,324.65,326.25,325.92
326.68,327.12,326.50,326.64,318.57,324.76,326.32,325.99
326.67,326.67,325.43,325.75,318.65,324.84,326.22,325.96
325.75,325.92,324.98,325.27,318.72,324.92,326.04,325.90
325.25,325.90,324.65,324.95,318.80,324.98,325.84,325.81
324.95,325.02,322.98,323.57,318.87,325.01,325.43,325.59
323.57,323.59,321.48,322.61,318.93,325.02,324.92,325.31
322.61,323.28,321.89,322.95,318.99,325.05,324.56,325.09
322.96,323.24,321.91,322.47,319.05,325.07,324.18,324.84
322.47,323.06,321.72,322.93,319.11,325.08,323.95,324.65
320.93,321.16,319.49,320.60,319.16,325.04,323.34,324.27
320.61,321.67,320.52,321.29,319.21,325.01,322.97,323.98
321.30,321.84,320.18,321.78,319.26,324.99,322.75,323.77
321.78,321.99,321.15,321.68,319.31,324.97,322.56,323.58
321.67,321.76,320.83,321.33,319.37,324.94,322.33,323.36
321.33,321.41,320.38,320.84,319.40,324.89,322.06,323.12
320.84,320.98,320.01,320.25,319.43,324.82,321.73,322.85
320.25,320.60,319.25,320.18,319.47,324.75,321.45,322.59
320.18,320.69,319.77,320.54,319.50,324.68,321.28,322.40
320.54,321.40,320.41,321.39,319.54,324.62,321.30,322.30
321.39,321.40,320.45,320.79,319.58,324.55,321.21,322.16
320.79,321.45,319.98,320.12,319.61,324.42,321.01,321.96
320.12,320.99,319.67,320.85,319.65,324.32,320.98,321.86
321.63,322.73,320.78,322.62,319.69,324.24,321.28,321.93
322.62,322.90,322.38,322.56,319.73,324.16,321.51,321.99
322.57,322.97,322.36,322.60,319.78,324.10,321.71,322.05
322.59,322.64,321.62,321.75,319.82,324.01,321.72,322.02
321.75,322.04,321.18,321.90,319.87,323.92,321.75,322.01
321.90,322.25,321.75,322.20,319.89,323.84,321.83,322.03
322.20,322.46,322.09,322.37,319.93,323.76,321.93,322.06
322.39,322.67,322.31,322.65,319.95,323.68,322.06,322.12
322.64,322.76,322.44,322.49,319.98,323.60,322.14,322.15
322.50,322.84,322.30,322.77,320.01,323.55,322.25,322.21
322.77,322.90,322.17,322.38,320.04,323.50,322.28,322.23
322.39,323.28,322.35,323.18,320.08,323.45,322.44,322.32
323.18,323.41,322.97,323.19,320.11,323.41,322.58,322.40
322.45,323.04,321.31,321.89,320.14,323.34,322.45,322.35
321.88,322.97,321.71,322.83,320.17,323.29,322.52,322.40
322.83,323.08,322.21,322.81,320.21,323.24,322.57,322.44
322.82,323.20,322.12,322.93,320.24,323.17,322.64,322.48
322.93,323.50,322.86,322.93,320.27,323.12,322.69,322.53
322.93,322.98,322.52,322.68,320.30,323.05,322.69,322.54
322.68,323.06,322.55,323.02,320.33,323.02,322.75,322.59
323.02,323.24,322.73,323.15,320.36,322.97,322.82,322.64
323.15,323.64,323.13,323.52,320.40,322.93,322.95,322.72
323.52,323.61,323.13,323.14,320.43,322.87,322.98,322.76
323.15,323.44,322.95,323.00,320.46,322.79,322.99,322.79
323.00,323.09,321.96,322.01,320.49,322.69,322.81,322.71
322.00,322.42,320.85,321.19,320.51,322.59,322.51,322.57
322.14,322.97,322.08,322.81,320.55,322.52,322.57,322.59
322.81,323.36,322.76,323.22,320.59,322.45,322.69,322.65
323.23,323.77,323.17,323.75,320.63,322.39,322.88,322.75
323.75,323.86,323.34,323.85,320.67,322.36,323.06,322.86
323.85,323.86,323.64,323.67,320.72,322.32,323.17,322.94
323.67,323.82,323.23,323.74,320.76,322.30,323.27,323.01
323.74,324.12,323.66,323.96,320.80,322.31,323.40,323.10
323.96,324.30,323.78,324.18,320.85,322.34,323.54,323.21
324.19,324.23,323.88,324.03,320.90,322.36,323.63,323.28
324.02,324.48,323.62,324.36,320.95,322.40,323.76,323.39
324.36,325.44,324.36,324.54,321.00,322.43,323.90,323.50
324.54,325.45,323.87,325.20,321.05,322.52,324.14,323.66
325.20,325.73,324.65,325.10,321.11,322.60,324.31,323.80
321.90,322.42,320.00,320.13,321.14,322.56,323.55,323.45
320.13,320.99,319.64,320.78,321.17,322.55,323.05,323.19
320.78,321.62,320.52,321.40,321.20,322.55,322.75,323.02
321.42,322.57,321.10,322.05,321.24,322.57,322.62,322.93
322.04,322.99,321.91,322.73,321.27,322.62,322.64,322.91
322.73,323.95,322.38,323.40,321.31,322.69,322.78,322.96
323.40,323.67,323.29,323.57,321.35,322.75,322.92,323.02
323.54,324.40,323.46,323.73,321.41,322.79,323.07,323.08
323.72,323.79,323.12,323.72,321.47,322.85,323.19,323.14
323.72,323.93,323.16,323.45,321.52,322.92,323.24,323.17
323.45,324.29,323.43,323.92,321.58,322.98,323.36,323.24
323.92,324.26,323.35,324.24,321.63,323.01,323.52,323.34
324.24,324.41,323.57,323.98,321.68,323.04,323.60,323.40
326.00,326.13,324.12,324.74,321.74,323.08,323.81,323.53
324.78,324.79,322.42,322.74,321.78,323.10,323.62,323.45
322.74,323.39,322.41,323.30,321.82,323.13,323.56,323.44
323.30,324.40,323.11,324.10,321.87,323.17,323.66,323.50
324.12,324.44,323.00,323.24,321.92,323.19,323.58,323.48
323.24,323.35,322.22,322.88,321.96,323.19,323.45,323.42
322.89,322.89,321.33,321.71,322.00,323.18,323.14,323.26
321.71,322.77,321.55,322.73,322.03,323.18,323.06,323.21
322.73,323.02,322.29,322.58,322.07,323.18,322.98,323.15
322.58,322.98,321.96,322.59,322.10,323.17,322.91,323.09
322.59,323.94,322.51,323.88,322.15,323.18,323.08,323.17
323.88,324.85,323.68,324.63,322.19,323.24,323.36,323.31
324.63,326.61,324.57,326.53,322.24,323.31,323.94,323.61
328.31,328.44,327.73,328.35,322.30,323.42,324.74,324.07
328.35,329.28,328.35,328.60,322.37,323.53,325.44,324.50
328.61,328.91,327.91,328.22,322.42,323.64,325.95,324.85
328.22,329.00,328.15,328.87,322.48,323.76,326.48,325.23
328.87,329.38,328.84,329.06,322.54,323.89,326.95,325.60
329.06,329.18,328.81,328.87,322.58,324.00,327.30,325.91
328.85,329.01,328.73,328.90,322.62,324.11,327.59,326.20
328.91,329.27,328.86,329.11,322.66,324.23,327.87,326.47
329.10,329.21,328.80,329.08,322.69,324.35,328.09,326.72
329.08,329.43,328.90,329.41,322.73,324.50,328.33,326.98
329.41,329.62,329.31,329.47,322.77,324.66,328.53,327.21
329.48,329.56,328.65,328.96,322.81,324.78,328.61,327.38
328.97,329.35,328.39,328.78,322.84,324.90,328.64,327.51
327.88,328.77,327.86,328.65,322.87,324.99,328.64,327.62
328.65,329.34,328.55,328.81,322.92,325.09,328.67,327.74
328.81,329.64,328.61,329.37,322.96,325.21,328.80,327.89
329.38,329.64,329.15,329.40,323.02,325.32,328.91,328.04
329.42,329.66,329.27,329.43,323.10,325.43,329.00,328.17
329.43,329.52,328.82,329.14,323.17,325.53,329.03,328.26
329.14,329.24,328.75,328.93,323.25,325.63,329.01,328.32
328.93,329.42,328.64,329.28,323.32,325.73,329.06,328.42
329.28,329.39,329.04,329.34,323.39,325.82,329.11,328.50
329.34,329.46,328.65,328.67,323.45,325.89,329.03,328.52
328.67,329.05,327.95,328.99,323.52,325.97,329.02,328.56
328.99,329.32,328.86,329.11,323.59,326.15,329.04,328.62
329.11,330.06,328.82,330.02,323.66,326.33,329.22,328.75
331.46,331.93,331.23,331.88,323.74,326.54,329.70,329.05
331.89,332.13,331.74,332.00,323.81,326.74,330.12,329.33
332.00,332.16,331.62,331.85,323.88,326.92,330.43,329.57
331.86,332.39,331.86,332.03,323.96,327.10,330.72,329.80
332.04,332.30,331.62,331.64,324.02,327.26,330.89,329.98
331.64,331.94,331.46,331.51,324.07,327.41,331.00,330.12
331.50,331.91,331.43,331.82,324.11,327.58,331.15,330.29
331.82,331.94,331.66,331.87,324.16,327.74,331.28,330.44
331.88,332.02,331.76,331.88,324.21,327.90,331.39,330.57
331.89,332.12,331.87,332.11,324.28,328.06,331.52,330.72
332.11,332.18,331.73,331.88,324.33,328.22,331.59,330.83
331.88,332.11,331.62,331.76,324.39,328.36,331.62,330.92
331.76,332.34,331.18,332.09,324.44,328.55,331.70,331.03
331.52,332.32,331.39,332.28,324.49,328.73,331.81,331.15
332.28,332.64,331.96,332.46,324.55,328.89,331.93,331.27
332.47,332.62,331.13,331.75,324.60,329.06,331.89,331.32
331.75,332.02,331.54,331.58,324.65,329.24,331.84,331.34
331.57,331.85,331.28,331.66,324.70,329.44,331.81,331.37
331.66,332.21,331.59,332.07,324.76,329.62,331.85,331.44
332.07,332.46,331.93,332.42,324.82,329.82,331.96,331.53
332.42,332.55,332.27,332.48,324.89,330.02,332.05,331.62
332.48,332.90,332.34,332.81,324.95,330.20,332.19,331.74
332.82,333.70,332.77,333.64,325.02,330.38,332.45,331.92
333.63,334.15,333.62,334.00,325.09,330.53,332.73,332.12
334.00,334.46,333.85,334.13,325.16,330.64,332.99,332.31
334.13,334.36,333.66,334.31,325.23,330.76,333.23,332.50
333.29,334.09,332.86,333.92,325.30,330.87,333.35,332.63
333.92,334.11,333.06,333.71,325.37,330.97,333.42,332.74
333.71,334.59,333.69,334.38,325.44,331.07,333.59,332.89
334.38,334.65,333.73,333.77,325.51,331.17,333.63,332.98
333.77,334.26,333.51,333.55,325.57,331.26,333.61,333.03
333.54,334.38,333.37,334.33,325.64,331.37,333.74,333.15
334.32,334.57,333.84,333.86,325.71,331.46,333.76,333.22
333.86,333.93,332.91,333.67,325.77,331.55,333.75,333.26
333.68,334.06,332.91,333.02,325.83,331.62,333.61,333.24
333.02,333.57,332.30,332.49,325.88,331.69,333.41,333.17
332.48,333.39,332.31,333.29,325.94,331.78,333.39,333.18
333.29,333.86,332.85,333.30,326.00,331.87,333.37,333.19
333.30,334.88,333.12,334.55,326.07,331.99,333.59,333.32
335.00,335.59,334.97,335.11,326.14,332.10,333.86,333.49
335.12,335.38,334.70,335.34,326.21,332.22,334.13,333.67
335.33,335.40,333.18,333.20,326.26,332.30,333.96,333.62
333.19,334.43,332.96,334.36,326.32,332.40,334.03,333.69
334.36,335.02,334.23,334.92,326.39,332.52,334.20,333.81
334.92,335.03,334.40,334.43,326.46,332.62,334.24,333.87
334.42,335.28,334.34,335.14,326.52,332.74,334.40,333.99
335.15,335.44,335.01,335.23,326.58,332.87,334.55,334.11
335.23,335.36,334.91,335.09,326.64,332.99,334.65,334.20
335.09,335.44,334.94,335.27,326.71,333.12,334.76,334.30
335.27,335.51,334.79,335.48,326.77,333.23,334.89,334.42
335.48,335.77,335.16,335.30,326.83,333.29,334.97,334.50
335.30,335.63,334.88,335.55,326.89,333.37,335.07,334.60
336.86,337.27,336.27,336.40,326.95,333.46,335.31,334.77
336.39,336.54,335.54,336.52,327.02,333.55,335.53,334.94
336.52,336.83,336.10,336.65,327.08,333.65,335.74,335.10
336.65,337.21,336.61,337.12,327.15,333.76,335.99,335.29
337.12,337.20,336.41,336.62,327.21,333.85,336.10,335.42
336.62,337.15,336.25,337.06,327.26,333.96,336.28,335.58
337.06,337.21,336.80,337.00,327.32,334.06,336.41,335.71
337.00,337.54,336.80,337.44,327.37,334.17,336.60,335.88
337.44,337.47,336.88,337.22,327.42,334.27,336.71,336.00
337.24,337.39,336.22,336.28,327.48,334.36,336.63,336.03
336.26,336.41,335.75,336.32,327.53,334.45,336.57,336.06
336.32,336.38,333.56,334.81,327.57,334.50,336.25,335.94
334.81,334.82,332.01,332.83,327.60,334.51,335.63,335.64
335.47,336.47,335.43,336.39,327.65,334.60,335.77,335.71
336.39,337.16,336.12,337.11,327.70,334.71,336.01,335.85
337.11,337.50,336.87,337.27,327.76,334.82,336.24,335.98
337.26,337.64,336.91,337.18,327.82,334.92,336.41,336.10
337.18,337.48,336.91,337.23,327.88,335.02,336.56,336.20
337.23,337.81,337.20,337.65,327.94,335.12,336.76,336.34
337.65,337.81,337.01,337.07,328.00,335.21,336.81,336.41
337.07,337.30,336.56,336.67,328.06,335.27,336.79,336.44
336.67,337.92,336.65,337.89,328.12,335.35,336.99,336.57
337.88,337.98,337.61,337.73,328.18,335.42,337.12,336.68
337.73,337.95,337.56,337.87,328.24,335.49,337.26,336.80
337.87,338.28,337.69,338.06,328.30,335.57,337.40,336.92
338.06,338.11,337.25,337.43,328.36,335.65,337.41,336.97
336.58,337.93,336.46,337.91,328.42,335.72,337.50,337.06
337.90,337.98,337.28,337.66,328.48,335.80,337.53,337.11
337.67,337.96,337.50,337.82,328.55,335.88,337.58,337.18
337.82,338.12,337.75,337.85,328.60,335.95,337.63,337.24
337.85,337.87,337.49,337.68,328.66,336.03,337.64,337.29
337.70,338.03,337.69,337.84,328.71,336.11,337.68,337.34
337.84,338.15,337.82,338.11,328.77,336.21,337.75,337.41
338.10,338.25,337.44,337.59,328.83,336.32,337.72,337.43
337.59,337.88,337.06,337.60,328.88,336.40,337.70,337.44
337.60,337.72,336.23,336.88,328.93,336.47,337.55,337.39
336.88,337.10,335.83,336.25,328.99,336.51,337.31,337.28
336.25,337.21,335.96,337.16,329.05,336.55,337.29,337.27
337.16,337.35,336.54,336.85,329.11,336.58,337.21,337.23
336.43,336.76,335.90,336.66,329.17,336.65,337.11,337.18
336.66,336.91,336.17,336.31,329.24,336.69,336.96,337.09
336.32,337.05,336.23,336.55,329.31,336.72,336.89,337.04
336.54,337.23,336.36,337.16,329.38,336.77,336.94,337.05
337.16,337.34,336.74,337.10,329.45,336.81,336.97,337.06
337.10,337.30,336.88,336.95,329.53,336.85,336.96,337.05
336.95,337.30,336.94,336.98,329.61,336.89,336.97,337.04
336.98,337.18,336.79,337.14,329.69,336.92,337.00,337.05
337.14,337.42,337.02,337.42,329.77,336.96,337.07,337.08
337.41,337.41,336.72,336.98,329.85,337.00,337.06,337.07
336.97,337.15,336.56,336.57,329.92,337.02,336.97,337.03
336.58,336.72,335.85,336.10,330.00,337.01,336.81,336.94
336.10,336.88,335.62,336.87,330.09,337.02,336.82,336.93
337.91,338.17,337.71,337.89,330.17,337.04,337.02,337.02
337.89,337.98,337.48,337.93,330.26,337.06,337.18,337.11
337.93,338.34,337.91,338.02,330.34,337.09,337.33,337.20
338.03,338.19,337.73,338.17,330.43,337.11,337.49,337.29
338.16,338.18,337.74,338.01,330.52,337.13,337.58,337.36
338.02,338.06,337.76,337.84,330.59,337.14,337.63,337.40
337.84,338.19,337.83,338.13,330.67,337.15,337.72,337.47
338.16,338.17,338.00,338.06,330.75,337.19,337.78,337.53
338.06,338.16,337.96,338.06,330.83,337.22,337.83,337.58
338.06,338.16,337.97,338.06,330.91,337.29,337.87,337.62
338.07,338.14,337.81,337.92,330.99,337.39,337.88,337.65
337.91,337.96,337.58,337.88,331.07,337.42,337.88,337.67
337.88,338.16,337.72,337.87,331.14,337.44,337.88,337.69
338.32,339.07,338.18,338.40,331.22,337.46,337.97,337.76
338.40,338.45,336.77,336.80,331.29,337.45,337.76,337.67
336.80,337.78,336.61,337.77,331.37,337.46,337.76,337.68
337.77,338.31,337.67,338.24,331.45,337.47,337.85,337.73
338.24,338.46,338.24,338.38,331.52,337.50,337.94,337.79
338.38,338.55,338.24,338.49,331.60,337.54,338.04,337.86
338.49,338.80,338.49,338.72,331.68,337.55,338.17,337.94
338.72,338.89,338.49,338.67,331.76,337.57,338.26,338.01
338.67,338.94,338.65,338.73,331.84,337.59,338.34,338.08
338.73,338.88,338.53,338.78,331.92,337.60,338.42,338.15
338.79,338.99,338.70,338.87,332.00,337.63,338.50,338.21
338.87,339.10,338.61,338.78,332.08,337.65,338.55,338.27
338.77,338.93,338.28,338.60,332.16,337.67,338.56,338.30
339.11,339.20,338.62,338.78,332.24,337.69,338.60,338.34
338.78,339.15,338.73,339.14,332.32,337.71,338.70,338.42
339.14,339.33,339.06,339.24,332.40,337.74,338.80,338.50
339.24,339.38,339.00,339.31,332.48,337.77,338.89,338.58
339.31,339.61,339.26,339.50,332.57,337.80,339.00,338.66
339.50,339.52,339.29,339.41,332.66,337.84,339.07,338.73
339.41,339.43,339.04,339.18,332.74,337.87,339.09,338.78
339.18,339.32,339.11,339.19,332.81,337.92,339.11,338.82
339.18,339.43,339.18,339.37,332.89,337.98,339.16,338.87
339.37,339.59,337.80,338.16,332.96,338.00,338.98,338.80
338.16,338.80,337.93,338.64,333.04,338.03,338.91,338.79
338.64,338.79,337.70,337.90,333.11,338.06,338.73,338.70
337.89,338.06,336.62,337.21,333.17,338.08,338.45,338.56
335.33,336.78,335.22,336.74,333.24,338.08,338.14,338.39
336.75,337.33,336.52,337.15,333.30,338.08,337.96,338.27
337.15,337.53,336.84,337.16,333.36,338.08,337.82,338.16
337.16,337.26,336.76,337.24,333.42,338.09,337.71,338.07
337.23,337.82,337.09,337.69,333.49,338.10,337.71,338.04
337.69,337.86,337.52,337.59,333.57,338.11,337.68,337.99
337.59,337.71,337.25,337.32,333.66,338.11,337.62,337.93
337.32,337.52,337.13,337.46,333.74,338.12,337.59,337.89
337.47,337.75,337.43,337.58,333.82,338.14,337.59,337.86
337.58,338.12,337.53,338.05,333.89,338.18,337.67,337.88
338.05,338.24,337.89,338.22,333.97,338.20,337.77,337.91
338.22,338.61,337.77,338.03,334.04,338.21,337.82,337.92
338.03,338.80,337.84,338.26,334.11,338.21,337.90,337.95
337.86,338.67,337.55,338.62,334.19,338.23,338.03,338.02
338.64,338.79,337.93,338.48,334.26,338.23,338.11,338.06
338.49,338.94,338.42,338.63,334.33,338.24,338.21,338.11
338.63,338.69,338.18,338.53,334.41,338.26,338.27,338.15
338.55,338.65,337.90,337.97,334.48,338.26,338.21,338.14
337.97,338.79,337.92,338.66,334.55,338.27,338.29,338.19
338.67,338.75,338.48,338.57,334.62,338.28,338.34,338.22
338.57,338.76,338.33,338.58,334.70,338.29,338.39,338.26
338.58,338.96,338.52,338.85,334.77,338.31,338.47,338.31
338.85,339.07,338.68,339.05,334.85,338.33,338.58,338.38
339.05,339.46,339.05,339.35,334.94,338.36,338.72,338.47
339.34,339.72,339.32,339.49,335.02,338.38,338.86,338.57
339.49,339.67,339.12,339.45,335.11,338.43,338.96,338.66
342.13,342.24,341.53,341.88,335.20,338.52,339.49,338.96
341.88,342.41,341.35,342.06,335.30,338.59,339.96,339.26
342.06,342.29,341.06,341.31,335.39,338.65,340.21,339.45
341.31,341.86,341.18,341.42,335.47,338.71,340.43,339.64
341.42,341.98,341.37,341.77,335.55,338.77,340.67,339.84
341.78,342.07,341.67,341.71,335.62,338.83,340.86,340.02
341.72,341.93,341.60,341.69,335.68,338.89,341.01,340.18
341.69,342.06,341.66,341.81,335.75,338.95,341.16,340.33
341.81,341.87,341.50,341.77,335.81,339.01,341.27,340.47
341.78,341.98,341.64,341.78,335.88,339.07,341.36,340.60
341.78,341.79,341.29,341.51,335.94,339.13,341.39,340.68
341.51,341.92,341.14,341.92,336.01,339.19,341.48,340.80
341.91,343.00,341.80,342.92,336.08,339.27,341.74,341.00
343.53,343.70,342.86,343.35,336.15,339.35,342.04,341.23
343.35,343.36,342.51,342.72,336.21,339.42,342.16,341.37
342.72,342.94,342.27,342.75,336.28,339.48,342.27,341.50
342.75,343.48,342.65,343.13,336.35,339.56,342.42,341.65
343.14,343.20,342.35,342.71,336.42,339.63,342.48,341.76
342.71,343.01,342.35,342.84,336.49,339.70,342.54,341.86
342.84,343.16,342.72,343.06,336.56,339.77,342.64,341.97
343.06,343.35,342.83,343.28,336.63,339.88,342.75,342.10
343.28,343.39,343.15,343.19,336.70,339.97,342.83,342.20
343.19,343.62,343.01,343.59,336.77,340.08,342.97,342.33
343.59,343.80,343.50,343.74,336.84,340.21,343.11,342.47
343.74,344.09,343.53,344.05,336.92,340.36,343.28,342.62
344.04,344.21,343.89,344.10,336.99,340.50,343.43,342.76
344.72,344.80,344.17,344.66,337.07,340.65,343.65,342.94
344.66,344.91,344.45,344.90,337.15,340.80,343.88,343.13
344.90,345.33,344.86,345.24,337.23,340.95,344.13,343.33
345.24,345.47,345.08,345.45,337.31,341.11,344.37,343.53
345.45,346.09,345.37,346.00,337.39,341.28,344.66,343.76
345.99,347.03,345.90,346.87,337.47,341.47,345.06,344.06
346.88,346.95,346.31,346.61,337.54,341.65,345.35,344.30
346.61,347.00,346.60,346.68,337.62,341.82,345.59,344.53
346.69,347.03,346.65,347.02,337.69,342.00,345.85,344.77
347.03,347.86,346.95,347.78,337.77,342.19,346.20,345.05
347.78,347.83,346.36,346.53,337.85,342.36,346.26,345.20
346.54,347.74,346.30,347.72,337.93,342.54,346.53,345.44
347.72,347.81,347.17,347.56,338.01,342.72,346.71,345.64
348.50,349.50,347.46,349.26,338.09,342.94,347.18,345.98
349.26,349.35,347.51,349.21,338.18,343.15,347.55,346.29
349.21,349.64,348.69,349.54,338.27,343.38,347.91,346.60
349.53,349.90,348.77,348.97,338.35,343.59,348.10,346.83
348.98,349.87,348.57,349.54,338.44,343.81,348.36,347.08
349.54,349.55,348.20,348.23,338.52,344.00,348.34,347.19
348.22,348.57,346.53,347.02,338.59,344.16,348.10,347.18
347.02,348.38,346.62,348.26,338.67,344.35,348.13,347.28
348.26,348.70,347.59,348.66,338.76,344.53,348.22,347.41
348.66,349.40,348.52,349.40,338.85,344.73,348.44,347.60
349.40,349.51,348.88,349.12,338.93,344.93,348.56,347.74
349.12,349.70,348.76,349.45,339.02,345.08,348.72,347.91
349.46,349.57,348.17,348.32,339.10,345.20,348.65,347.95
349.45,349.58,348.61,349.29,339.18,345.36,348.77,348.07
349.29,349.35,348.56,348.85,339.26,345.51,348.78,348.15
348.86,349.13,348.15,348.40,339.33,345.64,348.71,348.17
348.40,349.32,348.26,349.20,339.40,345.79,348.80,348.27
349.19,349.44,349.01,349.30,339.48,345.94,348.89,348.37
349.30,349.52,349.17,349.23,339.56,346.09,348.95,348.45
349.23,349.71,349.07,349.67,339.64,346.25,349.08,348.57
349.68,349.68,348.81,348.81,339.71,346.39,349.03,348.59
348.82,349.42,348.75,349.25,339.79,346.55,349.07,348.65
349.25,349.56,348.99,349.51,339.86,346.70,349.15,348.73
349.50,349.92,349.34,349.78,339.94,346.84,349.27,348.83
349.78,350.61,349.69,350.39,340.02,346.98,349.47,348.98
350.39,350.72,350.24,350.55,340.11,347.13,349.67,349.13
350.35,350.67,349.87,350.03,340.19,347.28,349.73,349.22
350.02,350.49,349.85,350.16,340.28,347.42,349.81,349.31
350.16,350.68,350.10,350.63,340.37,347.58,349.96,349.43
350.63,350.85,349.09,349.47,340.45,347.71,349.87,349.44
349.49,350.39,349.17,350.14,340.53,347.85,349.92,349.50
350.15,350.71,350.00,350.41,340.60,347.99,350.01,349.59
350.41,350.55,350.09,350.51,340.68,348.14,350.10,349.68
350.51,350.72,350.35,350.58,340.77,348.28,350.19,349.76
350.59,350.88,350.50,350.62,340.85,348.42,350.27,349.84
350.62,350.73,350.33,350.38,340.93,348.54,350.29,349.90
350.38,350.88,350.18,350.78,341.01,348.68,350.38,349.98
350.79,350.83,349.88,350.47,341.08,348.79,350.39,350.03
350.47,351.30,349.77,349.77,341.16,348.89,350.28,350.00
350.24,350.59,349.24,350.47,341.23,349.00,350.31,350.05
350.48,351.40,350.18,351.38,341.31,349.12,350.51,350.17
351.38,351.40,350.60,350.66,341.39,349.21,350.54,350.22
350.66,351.22,350.39,350.80,341.47,349.29,350.58,350.27
350.80,351.07,350.64,350.76,341.54,349.37,350.62,350.32
350.76,351.18,350.69,350.96,341.62,349.46,350.68,350.38
350.96,351.21,350.80,351.21,341.69,349.54,350.77,350.46
351.21,351.21,350.85,351.00,341.76,349.60,350.82,350.51
351.01,351.49,350.93,351.32,341.83,349.70,350.91,350.59
351.33,351.81,351.25,351.73,341.91,349.78,351.06,350.70
351.73,351.91,351.60,351.84,341.98,349.87,351.20,350.81
351.84,351.90,351.39,351.52,342.05,349.91,351.26,350.87
351.53,352.69,351.41,352.58,342.13,349.98,351.50,351.04
354.64,354.69,353.53,353.75,342.21,350.06,351.91,351.30
353.75,354.97,353.43,354.95,342.31,350.18,352.46,351.64
354.95,355.29,354.42,354.89,342.40,350.29,352.90,351.95
354.89,355.08,354.11,354.45,342.50,350.41,353.18,352.19
354.45,354.86,353.66,354.79,342.61,350.57,353.47,352.44
354.79,355.51,354.54,355.42,342.70,350.71,353.83,352.72
355.42,355.78,355.34,355.58,342.80,350.85,354.15,352.99
355.58,356.51,355.40,356.46,342.89,350.99,354.57,353.32
356.45,356.74,356.36,356.43,342.99,351.14,354.91,353.62
356.43,356.68,355.81,356.54,343.08,351.28,355.20,353.90
356.54,356.93,356.35,356.75,343.18,351.45,355.48,354.17
356.75,357.90,356.67,357.66,343.28,351.62,355.88,354.50
357.66,358.75,357.48,357.73,343.39,351.79,356.22,354.81
355.85,356.38,355.16,355.80,343.48,351.94,356.14,354.90
355.77,355.92,352.01,352.74,343.55,352.01,355.52,354.70
352.74,353.15,350.35,351.33,343.62,352.05,354.76,354.38
351.33,351.48,345.20,347.28,343.67,352.01,353.40,353.70
347.28,349.40,346.51,348.05,343.72,351.98,352.43,353.16
348.06,348.85,347.14,347.55,343.77,351.96,351.54,352.63
347.55,347.81,345.49,345.66,343.81,351.88,350.47,351.96
345.66,346.98,344.26,346.92,343.85,351.83,349.83,351.48
346.91,346.91,344.70,345.58,343.89,351.75,349.05,350.92
345.59,346.40,344.66,345.52,343.93,351.65,348.41,350.41
345.51,347.00,343.97,344.00,343.96,351.52,347.61,349.80
344.00,344.66,342.79,342.91,343.99,351.38,346.75,349.14
342.91,345.92,342.59,345.56,344.02,351.29,346.54,348.80
346.07,347.83,343.05,343.56,344.05,351.14,346.00,348.30
343.55,344.72,339.08,339.25,344.07,350.94,344.77,347.44
339.24,340.13,334.87,338.42,344.08,350.71,343.62,346.58
338.41,338.79,335.42,336.39,344.07,350.42,342.30,345.61
336.40,339.55,336.27,339.21,344.09,350.20,341.74,345.00
339.22,340.55,338.05,340.50,344.10,350.00,341.51,344.57
340.50,341.60,340.06,340.91,344.13,349.80,341.40,344.22
340.91,340.91,338.60,339.31,344.14,349.58,341.02,343.75
339.31,340.58,338.46,340.36,344.16,349.37,340.90,343.43
340.36,341.61,339.69,341.50,344.18,349.19,341.01,343.25
341.49,344.63,341.06,344.56,344.22,349.09,341.66,343.37
344.57,345.40,343.31,344.98,344.26,348.98,342.26,343.53
344.99,345.01,342.26,342.51,344.28,348.80,342.31,343.43
336.74,336.98,333.86,336.70,344.28,348.52,341.29,342.79
336.70,337.62,334.80,337.45,344.28,348.26,340.59,342.28
337.45,338.06,335.12,335.85,344.28,347.96,339.73,341.67
335.85,337.36,335.33,336.43,344.28,347.67,339.13,341.17
336.41,336.64,334.43,335.49,344.27,347.35,338.47,340.63
335.49,336.65,335.29,335.83,344.26,347.05,337.99,340.17
335.83,336.99,335.50,336.77,344.26,346.76,337.77,339.85
336.77,337.28,336.02,336.89,344.25,346.46,337.61,339.57
336.88,337.74,336.47,337.17,344.25,346.17,337.53,339.34
337.17,337.56,335.29,335.43,344.23,345.85,337.15,338.97
335.42,335.42,333.03,334.50,344.22,345.49,336.66,338.54
334.49,335.04,332.88,335.00,344.20,345.11,336.36,338.20
335.00,335.51,332.88,333.14,344.18,344.67,335.78,337.72
337.52,338.16,336.61,338.16,344.18,344.34,336.21,337.76
338.16,339.84,338.11,339.41,344.18,344.04,336.79,337.92
339.41,339.87,339.02,339.37,344.19,343.73,337.26,338.06
339.39,340.35,338.92,340.03,344.20,343.42,337.76,338.25
340.03,340.56,339.80,340.25,344.21,343.12,338.22,338.44
340.27,340.82,337.14,340.57,344.23,342.80,338.64,338.64
340.57,341.39,340.55,341.15,344.25,342.49,339.10,338.88
341.15,342.23,341.15,341.77,344.27,342.20,339.58,339.15
341.76,342.09,341.04,341.14,344.28,341.88,339.87,339.34
341.15,341.55,340.70,340.98,344.29,341.55,340.07,339.50
340.98,341.99,340.98,341.68,344.31,341.23,340.36,339.71
341.67,342.43,341.67,342.24,344.33,340.96,340.70,339.95
342.24,342.46,339.63,339.76,344.33,340.70,340.53,339.93
341.75,342.43,341.20,341.61,344.35,340.51,340.73,340.09
341.62,342.53,341.30,341.30,344.36,340.39,340.83,340.21
341.30,342.22,338.64,338.80,344.36,340.20,340.46,340.07
338.80,340.82,338.12,340.81,344.37,340.07,340.53,340.14
340.81,340.83,339.16,339.43,344.37,339.94,340.33,340.07
339.43,339.95,338.31,338.84,344.38,339.78,340.06,339.96
338.84,339.16,337.33,338.51,344.37,339.64,339.77,339.82
338.50,339.60,338.22,338.52,344.37,339.50,339.55,339.69
338.52,339.20,337.57,337.78,344.36,339.37,339.23,339.51
337.78,338.51,334.18,334.28,344.33,339.20,338.33,339.01
334.26,336.24,334.11,336.02,344.32,339.01,337.91,338.73
336.03,336.11,332.85,334.02,344.29,338.82,337.20,338.28
334.04,335.65,333.56,333.66,344.26,338.71,336.56,337.84
335.79,336.53,333.94,334.18,344.24,338.62,336.12,337.49
334.17,336.05,333.71,335.46,344.22,338.60,336.00,337.30
335.46,336.59,334.54,335.62,344.21,338.53,335.93,337.14
335.65,336.97,335.26,335.56,344.20,338.43,335.87,336.99
335.55,335.57,334.70,334.80,344.19,338.31,335.67,336.78
334.79,335.86,334.38,335.25,344.18,338.23,335.60,336.63
335.24,335.24,333.06,333.14,344.16,338.09,335.15,336.30
333.14,333.53,331.59,331.70,344.13,337.89,334.52,335.86
331.70,332.73,331.00,331.48,344.10,337.63,333.97,335.45
331.48,333.13,331.13,332.41,344.08,337.38,333.68,335.16
332.41,334.32,332.40,333.62,344.06,337.20,333.67,335.01
333.60,334.92,332.36,334.71,344.04,337.16,333.86,334.98
334.73,335.36,333.82,334.07,344.03,337.09,333.90,334.89
