Open,High,Low,Close
132.83,133.64,132.36,133.56
133.56,133.97,133.24,133.27
133.20,133.23,132.07,132.28
132.28,132.31,131.19,131.19
131.19,131.68,130.58,131.61
131.63,131.84,130.45,130.48
130.49,130.92,130.00,130.51
130.51,131.38,130.41,130.75
130.75,131.83,130.63,131.81
131.82,132.13,131.50,131.93
132.01,132.13,130.45,130.54
130.58,131.00,130.00,130.08
130.07,130.10,129.20,129.66
129.66,130.45,129.58,130.35
130.35,130.86,130.02,130.75
130.75,130.80,129.81,129.85
129.86,130.68,129.49,130.27
130.27,130.46,129.81,129.85
129.85,129.90,129.21,129.69
129.69,129.76,128.77,128.83
128.82,129.33,128.40,128.97
128.97,129.93,128.84,129.58
129.58,130.57,129.36,130.57
130.55,130.91,130.40,130.48
130.48,130.48,129.60,129.87
129.81,130.14,129.26,130.08
130.08,130.84,129.99,130.65
130.65,130.73,130.16,130.46
130.46,131.10,130.28,130.53
130.53,130.91,129.84,129.95
129.95,130.09,128.65,129.21
129.25,130.22,128.85,130.21
130.21,130.80,129.58,129.83
129.83,130.57,129.59,129.74
129.73,130.00,128.90,129.26
129.26,130.19,129.10,129.90
129.90,129.90,128.65,128.90
128.90,129.31,128.63,128.67
128.67,129.18,128.58,129.17
129.18,130.02,129.12,129.99
129.97,130.83,129.93,130.73
130.73,131.01,130.32,130.72
130.76,131.26,130.47,131.10
131.10,131.61,131.02,131.16
131.15,131.16,130.37,130.60
130.60,131.37,130.50,130.90
130.90,131.22,130.28,130.91
130.91,131.09,130.30,130.54
130.54,131.29,130.23,131.08
131.08,131.31,130.88,130.99
130.99,131.19,129.75,129.82
129.82,130.17,129.66,129.66
129.66,129.90,129.00,129.74
129.74,129.74,129.21,129.33
129.33,129.33,128.84,129.24
129.24,129.41,128.78,129.04
129.08,129.81,128.50,128.50
128.51,129.22,128.50,129.20
129.24,129.27,128.82,128.94
129.00,129.79,129.00,129.52
129.52,130.01,128.79,128.88
128.88,128.88,127.32,127.69
127.69,127.77,127.20,127.38
127.38,127.84,127.25,127.69
127.69,127.91,127.24,127.60
127.60,127.98,126.96,127.05
127.05,127.48,126.76,127.44
127.48,127.83,127.01,127.01
127.05,127.73,127.05,127.39
127.39,127.67,126.90,126.94
126.94,127.05,126.58,126.81
126.81,127.08,126.21,126.29
126.29,126.76,125.91,126.31
126.31,126.99,126.29,126.81
126.81,127.39,126.80,127.25
127.25,127.71,127.05,127.71
127.71,127.74,127.00,127.09
127.09,127.45,126.81,126.93
126.93,127.82,126.46,127.64
127.64,127.69,127.08,127.54
127.55,127.72,126.63,127.15
127.15,127.64,126.65,126.72
126.72,126.88,126.21,126.52
126.52,126.81,126.29,126.38
126.38,126.90,126.17,126.29
126.29,127.21,126.04,127.12
127.12,127.62,127.12,127.62
127.62,128.09,127.57,127.75
127.75,127.89,127.37,127.81
127.81,128.27,127.81,127.95
127.95,128.07,127.52,127.73
127.73,128.00,127.52,127.89
127.89,128.09,127.41,127.86
127.86,128.27,127.71,128.10
128.10,128.65,128.08,128.22
128.22,128.51,127.88,128.23
128.23,128.43,127.89,128.15
128.15,128.89,127.71,128.54
128.54,128.82,128.36,128.42
128.42,128.56,128.25,128.48
128.48,129.00,128.42,128.74
128.74,128.74,128.44,128.49
128.49,128.75,128.20,128.64
128.66,128.66,127.88,127.88
127.88,128.00,127.55,127.64
127.64,128.47,127.50,128.46
128.46,128.72,127.86,127.98
127.98,128.11,127.15,127.36
127.36,127.73,127.32,127.52
127.52,127.81,127.21,127.79
127.79,127.81,127.36,127.39
127.39,127.72,127.19,127.70
127.70,128.50,127.70,128.48
128.48,128.86,128.35,128.63
128.63,128.90,128.61,128.71
128.68,128.90,128.40,128.54
128.54,128.66,128.39,128.50
128.48,128.70,128.25,128.39
128.39,128.39,127.40,127.48
127.49,127.63,127.27,127.35
127.35,127.64,127.00,127.11
127.11,127.63,127.11,127.56
127.56,128.21,127.56,127.96
128.09,128.40,127.92,128.30
128.30,128.35,127.78,127.81
127.81,127.97,127.55,127.76
127.76,127.93,127.59,127.89
127.97,128.44,127.71,128.38
128.38,128.83,128.32,128.58
128.58,128.58,128.00,128.10
128.16,128.33,128.00,128.14
128.17,128.22,127.40,127.60
127.60,128.07,127.49,128.05
128.02,128.58,127.93,128.48
128.49,128.51,128.05,128.24
128.24,129.31,128.06,129.10
129.13,129.50,129.09,129.27
129.27,129.56,129.07,129.40
129.39,129.64,129.31,129.40
129.40,129.48,129.13,129.32
129.32,129.32,128.63,128.67
128.69,128.88,128.48,128.80
128.80,129.52,128.80,129.38
129.38,129.61,129.30,129.55
129.55,129.55,129.20,129.23
129.18,129.38,129.11,129.19
129.19,129.54,129.12,129.26
129.26,129.28,128.89,129.06
129.06,129.31,128.97,129.25
129.25,129.47,129.22,129.37
129.37,129.58,128.86,129.02
129.02,129.03,128.41,128.51
128.51,128.58,128.16,128.38
128.38,128.63,128.38,128.57
128.57,128.63,128.26,128.27
128.27,128.41,127.70,127.92
127.92,128.33,127.76,128.21
128.21,128.24,127.76,127.80
127.80,127.90,127.65,127.86
127.88,128.00,127.12,127.14
127.14,127.86,126.93,127.77
127.83,128.11,127.64,127.94
127.95,128.26,127.82,128.04
128.04,128.17,127.80,128.17
128.17,128.64,128.11,128.59
128.59,128.95,128.41,128.79
128.79,129.07,128.53,128.94
128.97,129.27,128.96,129.26
129.26,129.27,128.91,128.93
128.95,129.12,128.72,128.94
128.94,128.96,128.59,128.62
128.62,128.62,128.29,128.43
128.43,128.71,128.43,128.67
128.67,129.00,128.62,128.65
128.65,129.10,128.65,128.86
128.86,128.99,128.57,128.76
128.77,129.08,128.72,128.90
128.90,128.92,128.22,128.29
128.29,128.41,127.71,127.73
127.73,127.91,127.69,127.83
127.83,128.40,127.38,128.40
128.40,128.47,128.15,128.25
128.25,128.45,128.07,128.22
128.27,128.31,127.75,128.28
128.27,128.64,128.27,128.40
128.40,128.84,128.25,128.84
128.84,129.14,128.77,128.97
129.06,129.10,128.74,128.75
128.76,128.76,128.40,128.50
128.50,129.00,128.50,128.80
128.80,129.41,128.61,129.33
129.33,129.39,129.17,129.21
129.22,129.28,128.89,128.96
128.96,129.05,128.77,128.88
128.85,129.06,128.65,128.96
128.96,129.29,128.86,129.17
129.18,129.70,129.04,129.44
129.44,129.44,128.91,129.10
129.08,129.64,129.03,129.61
129.63,129.66,129.36,129.53
129.54,129.63,129.02,129.02
129.02,129.35,128.77,129.32
129.32,129.73,129.26,129.62
129.62,129.91,129.39,129.43
129.43,129.68,129.28,129.68
129.63,129.65,129.31,129.32
129.32,129.32,128.68,129.01
129.01,129.03,128.46,128.78
128.76,129.01,128.65,128.88
128.88,129.10,128.72,128.89
128.89,129.54,128.89,129.24
129.24,129.25,128.53,128.55
128.51,128.64,128.18,128.23
128.23,128.36,128.04,128.08
128.08,128.21,127.89,127.97
127.97,128.10,127.75,128.03
128.03,128.03,127.61,127.65
127.66,127.99,127.66,127.79
127.79,128.11,127.74,128.10
128.10,128.30,128.00,128.12
128.12,128.34,128.04,128.16
128.16,128.50,128.00,128.07
128.07,128.31,128.00,128.06
128.06,128.06,127.61,127.72
127.72,127.88,127.21,127.39
127.39,127.58,127.20,127.30
127.36,127.36,126.64,126.64
126.64,126.72,126.33,126.65
126.65,126.65,126.25,126.44
126.41,126.59,126.27,126.42
126.45,126.76,126.31,126.58
126.58,126.90,126.39,126.59
126.59,126.59,125.92,126.18
126.20,126.35,125.80,125.82
125.82,126.29,125.82,125.99
125.99,126.37,125.91,126.28
126.28,126.50,125.93,126.48
126.48,126.50,125.91,125.91
125.92,126.06,125.63,125.89
125.89,125.89,125.54,125.82
125.81,125.82,125.44,125.55
125.55,125.55,125.15,125.41
125.41,125.55,125.27,125.54
125.55,126.07,125.55,125.97
125.97,126.20,125.60,126.14
126.14,126.14,125.60,125.76
125.76,126.11,125.42,125.47
125.47,125.47,124.74,124.79
124.79,124.95,124.50,124.92
124.93,125.00,124.41,124.65
124.65,124.86,124.20,124.53
124.53,124.62,124.24,124.28
124.22,124.75,124.00,124.49
124.49,124.75,124.21,124.24
124.24,124.24,123.18,123.22
123.22,124.00,123.20,123.97
123.97,123.97,123.30,123.30
123.30,123.47,123.09,123.11
123.11,123.83,123.11,123.81
123.81,124.34,123.81,123.84
123.84,123.92,123.51,123.69
123.69,123.78,122.71,122.80
122.80,123.06,122.32,122.40
122.39,122.54,122.13,122.44
122.41,122.94,122.13,122.90
122.90,123.05,122.33,122.91
122.91,123.79,122.80,123.78
123.78,124.45,123.78,124.45
124.45,125.12,124.26,124.96
124.96,124.99,124.36,124.51
124.53,124.53,124.01,124.23
124.23,124.23,123.63,123.63
123.63,123.66,123.12,123.18
123.18,123.50,122.96,123.02
123.02,123.07,122.22,122.30
122.30,123.00,122.30,122.87
122.85,122.88,122.24,122.28
122.28,122.85,122.05,122.73
122.73,123.04,122.23,122.96
122.97,123.00,122.36,122.88
122.88,124.07,122.80,124.07
124.07,124.13,123.62,124.03
124.03,124.03,123.16,123.82
123.82,123.82,123.23,123.61
123.60,123.87,123.20,123.63
123.63,123.63,123.09,123.21
123.23,123.63,122.60,123.61
123.61,124.36,123.31,123.43
123.43,123.46,123.00,123.43
123.41,123.90,123.27,123.33
123.33,123.87,123.23,123.45
123.45,124.13,123.17,123.92
123.92,124.39,123.78,124.02
124.02,124.25,123.94,124.01
124.01,124.15,123.50,123.77
123.77,124.29,123.38,123.68
123.68,124.00,123.62,123.99
123.95,124.58,123.93,124.51
124.51,124.97,124.40,124.95
124.95,125.00,124.58,124.91
124.91,125.53,124.51,125.37
125.36,125.46,124.64,124.84
124.85,125.44,124.84,125.03
125.03,125.24,124.86,124.98
124.99,125.12,123.93,124.01
124.01,124.64,123.99,124.61
124.62,125.24,124.47,125.16
125.16,125.24,124.74,124.93
124.93,124.97,124.34,124.41
124.41,124.67,124.04,124.27
124.30,124.47,123.81,123.85
123.85,124.49,123.79,124.31
124.28,124.44,123.87,124.00
124.00,124.39,123.80,124.25
124.25,124.25,123.40,123.42
123.40,123.55,122.75,122.95
122.95,123.01,122.34,122.36
122.36,122.57,121.80,121.83
121.82,122.59,121.80,122.31
122.31,123.07,122.19,122.87
122.87,122.89,122.20,122.41
122.41,122.42,121.84,121.90
121.90,122.43,121.82,122.41
122.41,122.41,121.74,122.06
122.06,122.52,121.85,122.08
122.08,122.20,121.82,121.99
121.99,121.99,121.50,121.61
121.61,121.74,121.26,121.28
121.29,121.74,121.25,121.73
121.73,121.75,121.06,121.64
129.21,129.46,128.79,129.29
129.29,129.40,128.35,128.69
128.72,128.79,128.10,128.34
128.34,128.38,127.70,127.90
127.90,128.74,127.66,128.71
128.71,128.95,128.31,128.49
128.50,128.96,128.07,128.58
128.58,128.80,128.20,128.51
128.51,128.57,126.83,127.07
127.08,127.41,126.26,126.70
126.71,127.36,126.40,126.59
126.59,127.80,126.51,127.77
127.82,128.24,127.71,128.13
128.13,128.42,127.88,128.09
128.09,128.29,127.64,128.03
128.03,128.53,127.45,127.67
127.67,128.35,127.58,128.02
128.02,128.34,127.69,127.86
127.87,128.21,127.02,127.04
127.04,127.14,126.75,126.97
126.97,127.20,126.58,126.58
126.58,126.58,125.67,126.00
126.00,126.46,125.93,126.29
126.35,127.04,126.25,127.03
127.03,127.39,126.72,127.05
127.06,127.51,126.79,127.25
127.25,127.50,127.00,127.34
127.34,127.40,126.88,127.09
127.09,128.11,127.09,127.93
127.93,128.06,127.46,128.04
128.04,128.95,127.91,128.92
128.88,129.29,128.68,128.92
128.94,129.19,128.88,129.10
129.09,129.12,128.37,128.99
128.99,129.02,128.50,128.73
128.72,129.01,128.61,128.61
128.61,128.73,128.40,128.57
128.57,128.71,128.10,128.34
128.34,128.65,128.34,128.60
128.60,128.60,127.71,127.90
127.92,128.54,127.88,128.00
128.00,128.11,127.23,127.43
127.43,127.68,127.20,127.58
127.58,127.95,127.26,127.94
127.94,128.40,127.74,127.99
128.00,129.12,128.00,128.48
128.51,128.68,128.07,128.41
128.45,128.71,127.72,128.39
128.34,128.59,128.05,128.58
128.58,128.87,128.09,128.09
128.09,128.80,127.80,128.62
128.62,128.90,128.51,128.60
128.60,128.89,128.39,128.86
128.86,128.94,128.57,128.71
128.71,129.06,128.54,128.70
128.70,130.15,128.70,130.07
130.08,130.48,130.01,130.42
130.40,130.85,130.17,130.85
130.84,131.06,130.72,130.99
130.99,131.24,130.73,130.85
130.85,131.40,130.70,130.95
130.95,131.10,130.66,130.75
130.75,131.14,130.61,130.95
130.95,130.95,130.49,130.49
130.49,130.72,130.35,130.38
130.38,130.74,130.29,130.58
130.58,131.09,130.50,131.06
131.06,131.46,130.91,131.11
131.12,131.61,131.03,131.60
131.60,131.73,131.36,131.55
131.55,131.65,131.16,131.41
131.42,131.89,131.42,131.67
131.69,131.71,131.24,131.26
131.24,131.39,130.80,130.95
130.95,131.15,130.72,130.97
130.97,131.75,130.97,131.69
131.69,131.88,131.32,131.66
131.66,132.05,131.65,131.86
131.86,132.04,131.13,131.32
131.32,131.62,131.18,131.51
131.51,132.02,131.49,131.64
131.64,131.89,131.34,131.68
131.68,131.78,131.51,131.52
131.52,131.74,131.08,131.12
131.12,131.42,131.06,131.35
131.35,131.75,131.35,131.70
131.70,131.86,131.54,131.56
131.53,131.85,131.46,131.72
131.72,131.96,131.66,131.71
131.71,131.96,131.46,131.60
131.60,132.40,131.60,132.28
132.28,132.38,132.16,132.32
132.32,132.62,132.23,132.56
132.56,132.80,132.45,132.79
132.79,132.89,132.60,132.68
132.69,132.70,132.36,132.49
132.49,132.51,132.07,132.09
132.09,132.27,131.92,132.01
132.01,132.01,131.16,131.28
131.26,131.28,130.38,130.51
130.51,130.77,130.15,130.17
130.17,130.89,130.15,130.50
130.51,131.00,130.50,130.87
130.89,131.03,130.71,130.80
130.80,130.87,130.55,130.81
130.84,131.14,130.75,131.04
131.04,131.19,130.82,130.85
130.88,130.88,129.71,129.83
129.83,130.28,129.83,130.24
130.24,130.50,130.04,130.47
130.47,130.60,130.32,130.52
130.52,131.06,130.52,130.98
130.98,131.06,130.79,130.97
130.97,131.38,130.91,131.37
131.37,131.49,131.22,131.40
131.40,131.67,131.26,131.65
131.65,131.65,131.40,131.44
131.44,131.46,131.26,131.44
131.44,131.64,131.38,131.39
131.39,131.56,131.31,131.54
131.54,131.67,131.45,131.54
131.54,131.55,131.10,131.16
131.16,131.38,131.13,131.16
131.16,131.38,131.08,131.13
131.13,131.27,131.08,131.23
131.23,131.85,131.06,131.82
131.82,131.88,131.61,131.71
131.71,131.71,131.31,131.34
131.34,131.60,131.34,131.57
131.57,131.79,131.44,131.77
131.71,131.80,131.52,131.78
131.78,131.78,131.43,131.57
131.57,131.67,131.17,131.20
131.20,131.30,130.80,131.00
131.00,131.51,130.95,131.43
131.43,131.77,131.43,131.67
131.62,131.64,131.35,131.64
131.64,132.15,131.59,132.11
132.10,132.26,132.08,132.18
132.20,132.31,132.12,132.21
132.21,132.34,132.17,132.19
132.19,132.39,132.12,132.28
132.29,132.36,132.25,132.31
132.31,132.35,131.90,132.10
132.10,132.20,131.99,132.03
132.03,132.18,131.93,132.01
132.01,132.03,131.80,131.83
131.90,131.95,131.64,131.77
131.77,131.85,131.61,131.68
131.68,132.03,131.67,132.03
132.03,132.21,131.80,131.95
131.95,131.98,131.75,131.80
131.80,132.25,131.80,132.11
132.11,132.33,132.11,132.27
132.27,132.33,132.16,132.27
132.26,132.35,132.13,132.31
132.31,132.48,132.28,132.38
132.38,132.39,132.06,132.38
132.37,132.52,132.24,132.42
132.39,132.50,132.35,132.47
132.47,132.73,132.46,132.56
132.56,132.84,132.56,132.64
132.63,132.80,132.63,132.77
132.77,133.04,132.70,132.72
132.72,132.77,132.56,132.69
132.69,132.87,132.58,132.76
132.76,133.03,132.61,133.03
133.02,133.06,132.78,132.82
132.82,132.97,132.68,132.91
132.91,133.22,132.91,133.14
133.14,133.21,133.00,133.01
133.01,133.09,132.82,132.94
132.96,133.01,132.79,132.95
132.95,132.99,132.56,132.62
132.59,132.81,132.59,132.71
132.73,132.90,132.68,132.90
132.91,133.01,132.85,133.00
133.00,133.09,132.86,132.88
132.85,132.87,132.66,132.74
132.74,132.91,132.70,132.73
132.73,133.18,132.71,133.10
133.10,133.10,132.88,133.05
133.06,133.28,132.98,133.26
133.26,133.30,133.01,133.02
133.02,133.02,132.79,132.95
132.96,133.16,132.94,133.15
133.15,133.18,132.85,133.00
133.00,133.10,132.97,133.07
133.07,133.22,133.02,133.22
133.22,133.25,133.09,133.14
133.14,133.50,133.10,133.45
133.43,133.55,133.36,133.49
133.49,133.56,133.36,133.52
133.53,133.79,133.52,133.72
133.72,134.00,133.72,133.91
133.93,133.98,133.75,133.80
133.78,133.78,133.61,133.62
133.62,133.90,133.62,133.90
133.90,133.98,133.79,133.88
133.88,133.96,133.80,133.83
133.83,133.94,133.76,133.91
133.90,133.90,133.73,133.86
133.86,133.86,133.63,133.71
133.70,133.79,133.66,133.79
133.79,133.80,133.52,133.52
133.52,133.74,133.51,133.74
133.74,134.03,133.74,134.03
134.00,134.03,133.84,134.03
134.03,134.10,133.96,133.99
133.99,134.16,133.99,134.09
134.09,134.42,134.09,134.34
134.34,134.52,134.28,134.43
134.43,134.50,134.33,134.38
134.38,134.71,134.38,134.65
134.65,134.66,134.45,134.59
134.59,134.59,134.46,134.54
134.54,134.72,134.38,134.72
134.72,134.87,134.69,134.85
134.83,134.94,134.76,134.79
134.79,134.98,134.76,134.96
134.96,135.07,134.90,134.91
134.90,134.97,134.68,134.97
134.97,135.20,134.97,135.15
135.15,135.18,134.68,134.72
134.72,134.87,134.63,134.71
134.71,134.72,134.29,134.44
134.43,134.56,134.14,134.19
134.18,134.25,134.09,134.11
134.10,134.10,133.46,133.51
133.51,133.61,133.18,133.27
133.27,133.78,133.27,133.78
133.77,134.01,133.74,133.98
133.98,134.06,133.71,133.82
133.82,133.96,133.76,133.87
133.87,134.10,133.87,134.06
134.06,134.06,133.90,134.04
134.04,134.10,133.90,134.09
134.09,134.29,134.05,134.10
134.09,134.25,134.08,134.15
134.15,134.19,133.68,133.83
133.83,133.99,133.40,133.42
133.42,133.42,133.03,133.29
133.32,133.37,133.20,133.25
133.25,133.45,133.18,133.40
133.40,133.52,133.25,133.51
133.51,133.84,133.48,133.75
133.75,133.78,133.54,133.68
133.68,133.79,133.56,133.63
133.61,133.61,133.15,133.21
133.21,133.44,133.21,133.29
133.29,133.46,133.19,133.30
133.27,133.31,132.58,132.62
132.62,132.71,132.29,132.66
132.66,132.66,132.29,132.32
132.36,132.42,132.15,132.20
132.20,132.52,132.15,132.52
132.52,132.71,132.39,132.56
132.59,132.61,132.30,132.53
132.53,132.53,132.26,132.49
132.49,133.00,132.44,132.96
132.96,133.04,132.71,132.88
132.88,133.08,132.77,133.06
133.02,133.07,132.68,132.75
132.75,133.06,132.73,133.03
133.04,133.32,132.95,133.26
133.26,133.26,132.94,132.99
132.99,133.19,132.86,133.07
133.02,133.12,132.53,132.69
132.69,132.82,132.36,132.47
132.43,132.55,131.87,132.11
132.10,132.32,132.01,132.17
132.17,132.36,131.91,131.91
131.89,132.11,131.88,131.88
131.88,132.16,131.88,131.94
131.96,132.11,131.54,131.76
131.76,131.98,131.61,131.96
131.98,132.17,131.78,132.12
132.12,132.53,132.06,132.25
132.25,132.49,132.25,132.38
132.38,132.39,131.97,132.20
132.21,132.34,132.13,132.25
132.25,132.57,132.16,132.56
132.56,132.82,132.53,132.71
132.71,132.71,132.26,132.39
132.39,132.39,132.09,132.26
132.26,132.50,132.24,132.49
132.49,132.75,132.26,132.75
132.75,133.04,132.72,133.00
133.00,133.17,132.88,133.13
133.13,133.25,133.00,133.11
133.10,133.12,132.80,132.83
132.83,133.09,132.83,132.95
132.95,132.97,132.71,132.85
132.85,132.86,132.65,132.82
132.82,132.82,132.60,132.74
132.79,133.15,132.79,133.06
133.06,133.06,132.40,132.56
132.56,132.57,132.02,132.03
132.03,132.54,132.00,132.50
132.51,132.54,132.40,132.50
132.53,133.00,132.53,132.94
132.94,133.13,132.90,133.05
133.06,133.18,132.86,133.14
133.14,133.38,133.03,133.37
133.37,133.43,133.20,133.40
133.40,133.67,133.30,133.67
133.67,133.80,133.53,133.69
133.69,133.69,133.50,133.54
133.54,133.54,133.35,133.49
133.49,133.76,133.49,133.71
133.72,133.74,133.47,133.61
133.63,133.80,133.63,133.80
133.80,133.84,133.60,133.64
133.64,133.80,133.63,133.75
133.75,133.77,133.65,133.71
133.71,133.81,133.65,133.65
133.69,133.69,133.26,133.32
133.32,133.35,133.07,133.13
133.13,133.24,133.07,133.21
133.21,133.31,133.07,133.07
133.17,133.39,132.82,133.12
133.12,133.27,133.08,133.08
133.08,133.34,133.08,133.33
133.31,133.72,133.30,133.66
133.66,133.84,133.64,133.71
133.72,133.94,133.67,133.81
133.81,133.82,133.50,133.56
133.55,133.80,133.51,133.71
133.73,133.74,133.47,133.48
133.48,133.52,133.26,133.37
133.37,133.72,133.37,133.72
133.72,133.91,133.68,133.76
133.71,133.97,133.71,133.94
133.95,134.22,133.94,134.19
134.19,134.27,133.99,134.06
134.06,134.19,133.89,134.17
134.11,134.25,134.11,134.12
134.14,134.19,133.98,134.10
134.10,134.24,133.96,134.19
134.19,134.40,134.10,134.36
134.36,134.40,134.14,134.14
134.14,134.23,133.70,133.80
133.80,134.08,133.77,133.99
133.99,134.05,133.83,133.87
133.87,133.95,133.56,133.63
133.66,134.15,133.66,133.93
133.93,134.09,133.90,134.02
134.02,134.16,134.02,134.15
134.17,134.34,134.14,134.31
134.31,134.32,134.08,134.16
134.16,134.46,134.16,134.37
134.37,134.40,134.01,134.06
134.06,134.38,134.05,134.35
134.35,134.44,134.27,134.30
134.30,134.63,134.30,134.58
134.58,134.71,134.47,134.71
134.71,134.79,134.26,134.61
134.62,134.76,134.52,134.66
134.62,134.74,134.53,134.61
134.61,134.79,134.51,134.65
134.65,134.65,134.23,134.56
134.56,135.00,134.56,134.91
134.91,135.07,134.85,135.00
135.00,135.06,134.70,134.95
134.94,134.94,134.71,134.82
134.82,134.92,134.29,134.46
134.47,134.62,134.16,134.30
134.38,134.50,134.26,134.35
134.35,134.71,134.08,134.09
134.10,134.10,133.27,133.28
133.28,133.72,133.23,133.53
133.53,133.59,133.26,133.33
133.34,133.45,132.75,132.96
133.04,133.19,132.90,133.13
133.13,133.30,133.06,133.27
133.27,133.27,132.57,132.57
132.57,132.94,132.40,132.85
132.85,132.85,132.44,132.64
132.64,132.80,132.28,132.38
132.38,132.91,132.33,132.87
132.87,132.95,132.10,132.60
132.61,132.88,132.54,132.88
132.89,133.90,132.89,133.87
133.87,133.98,133.52,133.98
133.98,134.37,133.85,134.36
134.37,134.38,133.88,133.88
133.88,133.90,133.43,133.66
133.66,133.76,133.20,133.30
133.30,133.40,132.68,132.73
132.70,132.86,132.02,132.08
136.59,136.65,135.61,136.08
136.08,136.49,135.47,135.96
136.00,137.23,135.56,137.13
137.13,137.38,136.74,136.94
136.94,137.69,136.94,137.50
137.50,137.58,136.88,137.18
137.18,137.25,135.93,136.05
136.05,136.94,135.96,136.92
136.92,137.27,136.67,136.76
136.76,137.17,136.53,136.81
136.81,137.01,136.33,136.52
136.52,137.29,136.36,137.27
137.26,137.34,136.34,136.40
136.40,136.83,135.91,135.95
135.95,136.59,135.93,136.41
136.40,136.58,135.84,136.10
136.09,136.38,135.96,136.30
136.30,136.92,136.29,136.76
136.79,137.08,136.24,136.28
136.28,136.49,135.62,135.64
135.64,135.88,134.99,135.10
135.06,135.47,134.55,134.61
134.61,135.16,134.61,134.99
134.99,135.48,134.95,135.48
135.48,136.34,135.47,136.27
136.26,136.72,136.14,136.46
136.50,136.90,136.18,136.87
136.87,136.88,136.17,136.31
136.31,136.54,135.94,136.05
136.05,136.35,136.05,136.22
136.21,136.87,136.11,136.79
136.86,137.41,136.84,137.37
137.37,137.57,136.94,137.47
137.48,138.08,137.42,138.01
138.01,138.03,137.66,138.03
138.03,138.25,137.77,137.86
137.92,138.03,137.40,137.54
137.54,137.73,137.40,137.43
137.46,137.83,137.36,137.75
137.75,138.20,137.75,137.97
137.97,138.13,137.65,137.78
137.78,137.78,137.01,137.40
137.40,137.79,137.33,137.62
137.62,137.84,137.42,137.45
137.43,137.84,137.13,137.65
137.65,137.99,137.38,137.79
137.79,138.18,137.79,138.03
138.03,138.39,138.00,138.15
138.15,138.32,138.10,138.18
138.18,138.34,137.76,137.82
137.82,138.00,137.55,137.80
137.80,137.80,137.26,137.51
137.51,137.83,137.46,137.75
137.75,138.09,137.63,137.63
137.63,137.66,137.25,137.40
137.44,137.46,137.06,137.21
137.15,137.18,136.59,136.63
136.63,137.17,136.54,136.91
136.91,137.19,136.77,136.77
136.77,137.06,136.61,136.62
136.62,137.61,136.59,137.53
137.54,137.96,137.37,137.86
137.86,138.01,137.69,138.00
138.00,138.07,137.75,137.86
137.86,138.00,137.68,137.94
137.92,137.99,137.52,137.66
137.66,137.88,137.57,137.69
137.67,137.87,137.47,137.58
137.55,137.76,137.37,137.71
137.71,137.89,137.65,137.80
137.80,137.93,137.24,137.53
137.54,137.74,137.43,137.51
137.53,137.56,136.95,137.02
137.00,137.25,136.88,136.89
136.92,137.15,136.07,136.11
136.11,136.43,135.00,135.24
135.26,135.41,134.15,134.57
134.54,134.98,134.50,134.89
134.89,135.20,134.70,135.00
135.00,135.01,134.00,134.17
134.17,134.70,133.92,134.67
134.67,135.44,134.57,135.37
135.37,135.53,135.16,135.32
135.32,135.34,134.92,135.24
135.24,135.24,134.69,134.99
134.99,135.21,134.48,134.74
134.75,134.94,134.08,134.08
134.08,134.08,132.96,132.99
132.99,133.22,131.84,132.10
132.10,132.76,132.04,132.34
132.36,132.39,130.95,131.16
131.15,132.05,131.14,132.05
132.05,132.87,131.74,132.74
132.74,132.99,132.59,132.83
132.83,133.18,132.11,133.15
133.15,133.50,132.82,133.39
133.37,133.81,133.28,133.70
133.70,133.80,133.53,133.79
133.79,133.95,133.37,133.93
133.93,133.93,133.51,133.69
133.69,133.75,132.85,132.85
132.87,133.89,132.76,133.89
133.88,134.51,133.77,134.46
134.46,134.61,134.23,134.42
134.42,134.47,134.15,134.31
134.31,134.53,133.88,133.97
133.97,134.01,132.99,133.03
133.03,133.51,132.93,133.34
133.40,133.48,132.77,132.84
132.84,133.96,132.60,133.96
133.96,134.24,133.87,134.08
134.08,134.89,134.02,134.86
134.86,135.13,134.60,134.94
134.93,135.05,134.67,135.00
135.00,135.02,134.76,134.91
134.89,135.21,134.80,135.05
135.05,135.30,134.77,135.30
135.29,135.29,134.69,134.91
134.91,135.24,134.83,134.92
134.92,135.43,134.90,135.42
135.36,135.45,135.07,135.29
135.29,135.29,134.85,135.13
135.13,135.17,134.85,134.91
134.91,135.16,134.71,134.89
134.89,135.05,134.06,134.21
134.21,134.91,134.16,134.78
134.78,134.84,134.36,134.57
134.57,134.89,134.21,134.87
134.90,135.21,134.82,135.06
135.06,135.33,135.01,135.18
135.18,135.42,134.96,135.15
135.15,135.50,135.03,135.49
135.49,135.80,135.39,135.79
135.79,135.98,135.54,135.60
135.64,135.91,135.58,135.61
135.61,135.79,135.45,135.47
135.47,135.51,134.73,134.85
134.85,135.26,134.79,134.93
134.93,135.42,134.93,135.38
135.39,135.84,135.39,135.84
135.83,135.86,135.49,135.54
135.54,135.54,135.20,135.30
135.30,135.62,135.26,135.35
135.35,135.35,134.87,135.02
135.02,135.30,134.63,134.63
134.62,134.69,133.67,133.72
133.72,134.04,133.70,133.98
134.01,134.01,133.33,133.54
133.54,133.88,133.47,133.62
133.62,133.93,133.40,133.76
133.76,134.16,133.48,134.11
134.11,134.50,133.98,134.36
134.36,134.40,134.06,134.16
134.16,134.24,133.41,133.46
133.46,133.46,132.54,133.08
133.09,133.48,133.05,133.14
133.14,133.67,133.08,133.43
133.46,133.78,133.36,133.44
133.44,133.80,133.15,133.79
133.76,133.91,133.04,133.40
133.40,133.83,133.29,133.66
133.66,134.01,133.56,133.85
133.82,134.20,133.82,133.92
133.92,134.02,133.67,133.77
133.77,133.93,133.00,133.07
133.07,133.53,132.85,133.53
133.53,133.53,133.19,133.36
133.36,133.40,132.30,132.41
132.41,132.98,132.39,132.89
132.97,133.13,132.57,133.07
133.07,133.08,132.52,132.61
132.62,132.63,131.88,131.94
131.92,132.25,131.81,131.87
131.87,131.87,131.44,131.63
131.63,132.02,131.51,132.01
132.01,132.35,131.73,132.20
132.20,132.31,132.00,132.26
132.26,132.55,132.07,132.38
132.44,132.47,131.94,132.26
132.24,132.36,132.09,132.28
132.29,132.53,132.14,132.32
132.32,132.61,131.83,132.61
132.61,132.95,132.39,132.69
132.68,132.98,132.59,132.84
132.84,132.95,132.17,132.17
132.16,132.25,130.88,130.89
130.89,131.22,130.34,130.73
130.73,131.07,130.72,130.94
130.95,131.14,130.28,130.32
130.32,130.51,129.94,130.28
130.27,130.66,130.13,130.60
130.63,130.88,130.24,130.38
130.39,131.20,130.39,131.04
131.03,131.18,130.79,130.87
130.86,130.86,130.17,130.19
130.21,131.00,130.12,130.94
130.94,130.97,130.54,130.84
130.84,131.22,130.83,131.04
131.04,131.04,130.60,130.98
130.98,131.02,130.58,130.92
130.92,131.55,130.76,131.50
131.49,131.71,131.22,131.69
131.69,131.83,131.51,131.81
131.82,132.00,131.76,131.87
131.86,131.87,131.46,131.62
131.62,132.13,131.62,132.07
132.07,132.14,131.81,132.09
132.09,132.14,131.93,131.94
131.90,132.04,131.83,131.94
131.94,132.27,131.89,131.95
131.94,132.14,131.43,131.43
131.43,131.70,131.34,131.60
131.60,132.52,131.60,132.43
132.43,132.78,132.28,132.76
132.76,132.76,132.37,132.62
132.64,132.68,132.26,132.32
132.32,132.36,131.96,132.26
132.25,132.50,132.15,132.37
132.37,132.52,132.15,132.44
132.41,132.62,132.23,132.58
132.58,132.94,132.39,132.43
132.44,132.45,132.13,132.26
132.25,132.43,132.21,132.35
132.35,132.35,131.87,131.87
131.89,132.14,131.82,131.85
131.87,132.57,131.87,132.50
132.51,132.57,132.17,132.23
132.23,132.58,132.22,132.42
132.42,132.50,132.31,132.45
132.43,133.11,132.43,133.11
133.12,133.13,132.89,133.07
133.07,133.07,132.73,132.79
132.79,132.92,132.72,132.82
132.82,133.04,132.77,132.83
132.83,132.91,132.48,132.49
132.49,132.77,132.48,132.54
132.54,132.54,131.89,131.93
131.93,132.08,131.27,131.65
131.59,131.73,131.27,131.38
131.36,131.63,131.30,131.52
131.54,131.93,131.52,131.92
131.93,132.18,131.90,132.04
132.04,132.41,131.85,132.15
132.12,132.21,131.93,132.09
132.09,132.35,132.03,132.10
132.14,132.40,132.12,132.17
132.16,132.26,131.82,131.82
131.82,131.82,131.41,131.55
131.55,131.67,131.32,131.37
131.37,131.54,131.07,131.15
131.15,131.27,130.86,131.01
131.01,131.25,131.00,131.21
131.21,131.40,131.03,131.22
131.21,131.21,130.93,130.98
130.98,131.05,130.63,130.75
130.75,131.22,130.71,131.18
131.16,131.17,130.94,131.14
131.14,131.47,131.11,131.36
131.37,131.54,131.19,131.19
131.19,131.19,130.66,131.06
131.06,131.29,130.88,130.89
130.89,130.95,130.07,130.11
130.11,130.45,130.02,130.10
130.11,130.11,129.84,129.95
129.93,130.07,129.80,129.93
129.96,130.55,129.95,130.31
130.33,130.75,130.33,130.65
130.66,130.70,130.03,130.04
130.04,130.04,129.61,129.82
129.81,130.11,129.72,129.85
129.84,130.42,129.67,129.70
129.70,130.30,129.65,130.27
130.30,130.60,130.03,130.49
130.48,130.49,130.16,130.28
130.34,130.79,130.34,130.79
130.79,130.79,130.47,130.67
130.67,130.68,130.26,130.30
130.30,130.33,129.83,130.23
130.23,130.25,129.23,129.31
129.31,129.78,129.31,129.63
129.63,129.94,129.38,129.39
129.39,129.55,129.01,129.13
129.13,129.29,128.77,128.85
128.85,129.11,128.84,129.03
129.03,129.27,128.84,128.89
128.89,129.02,128.15,128.22
128.22,128.43,128.06,128.20
128.21,128.35,127.78,127.81
127.81,128.06,127.25,127.33
127.34,127.86,127.23,127.40
127.40,128.00,127.27,127.48
127.48,127.85,127.33,127.61
127.62,127.62,126.76,126.86
126.86,127.12,125.93,126.00
126.00,126.38,125.71,125.82
125.82,126.60,125.73,126.52
126.52,126.52,125.75,125.92
125.92,125.98,125.03,125.05
125.05,125.59,124.11,124.25
124.25,124.85,123.57,123.66
123.66,124.84,123.64,124.45
124.45,124.73,123.69,124.63
124.68,125.49,124.65,125.34
125.33,125.82,124.91,125.68
125.68,125.80,125.04,125.18
125.18,125.49,124.53,125.36
125.36,126.08,125.26,125.84
125.87,126.05,125.49,125.63
125.63,125.77,125.37,125.54
125.57,126.19,125.46,126.12
126.09,126.09,125.32,125.47
125.47,125.69,124.71,125.03
125.03,125.07,124.30,124.52
124.52,124.91,124.28,124.66
124.66,124.90,123.90,124.02
124.02,124.76,123.88,124.67
124.69,125.78,124.69,125.37
125.37,125.55,125.09,125.40
125.40,125.67,125.15,125.23
125.27,126.22,124.99,125.93
125.93,126.16,125.68,125.91
125.91,125.91,125.35,125.41
125.41,126.06,125.38,126.06
126.06,126.06,125.08,125.44
125.44,125.60,124.71,125.04
125.04,125.58,124.75,125.46
125.44,125.99,125.42,125.96
125.95,126.56,125.75,126.49
126.49,126.51,126.22,126.24
126.24,126.76,126.15,126.34
126.34,126.50,125.80,126.01
126.02,126.12,125.53,125.62
125.62,125.68,125.04,125.32
125.34,125.77,124.89,124.98
124.98,125.21,124.44,124.60
124.60,124.70,123.73,123.80
123.83,124.63,123.77,124.29
124.29,124.60,123.83,123.88
123.92,124.08,123.12,123.22
123.22,123.30,122.81,123.01
123.01,123.02,122.26,122.51
122.51,122.89,122.32,122.83
122.83,123.60,122.57,123.46
123.46,123.80,123.26,123.76
123.76,123.76,123.13,123.13
123.13,123.59,122.69,123.20
123.20,123.24,122.08,122.25
122.25,122.81,121.95,122.47
122.47,122.74,122.15,122.67
122.67,122.72,121.94,121.99
121.99,122.56,121.74,122.05
122.03,122.70,122.03,122.34
122.32,123.49,122.17,123.30
123.30,123.33,122.92,123.28
123.28,123.38,122.46,122.46
122.46,122.78,122.09,122.55
122.55,123.08,122.08,122.18
122.20,122.94,121.86,122.78
122.78,123.98,122.78,123.86
123.86,124.01,123.33,123.56
123.56,123.61,122.92,123.27
123.27,123.95,123.27,123.54
123.54,124.05,123.14,123.80
123.80,124.47,123.60,124.47
124.47,125.01,124.20,124.59
124.59,124.63,124.00,124.42
124.42,124.76,123.68,123.70
123.70,124.17,123.63,123.92
123.92,123.93,123.08,123.45
123.44,124.44,123.41,124.39
124.36,124.85,123.97,124.79
124.79,125.23,124.58,125.22
125.24,125.31,124.92,125.21
125.21,126.06,125.20,125.97
125.97,125.97,125.43,125.48
125.45,125.69,124.92,124.97
124.97,125.43,124.88,125.24
125.24,125.31,124.90,124.96
124.96,125.19,124.32,124.40
124.40,124.64,123.35,123.72
123.68,124.64,123.45,124.63
124.63,125.10,124.38,124.90
124.89,125.00,124.54,124.73
124.73,125.20,124.22,124.49
124.45,125.17,124.31,124.60
124.60,125.25,124.53,125.11
125.08,125.19,124.46,124.52
124.50,124.58,124.10,124.28
124.28,124.59,124.12,124.53
124.53,124.58,123.71,124.08
126.95,127.67,126.80,127.64
127.64,128.19,127.10,127.45
127.45,127.74,126.88,126.98
126.98,127.30,126.02,126.37
126.33,126.38,125.01,125.26
125.26,125.88,125.01,125.33
125.35,125.40,124.46,124.84
124.84,125.55,124.80,125.27
125.27,126.14,124.98,125.77
125.77,126.09,125.44,125.64
125.63,126.32,125.43,126.22
126.22,126.46,125.62,125.64
125.64,125.87,124.83,125.07
125.07,126.04,125.07,125.99
125.99,126.03,125.37,125.52
125.52,126.30,125.19,126.30
126.30,126.32,125.85,126.06
126.06,126.87,126.04,126.70
126.70,127.22,126.55,127.03
127.03,127.70,126.75,127.62
127.62,127.62,127.05,127.13
127.13,127.45,126.64,127.40
127.40,127.40,126.79,126.81
126.81,126.92,126.48,126.62
126.62,127.20,126.62,126.78
126.78,126.87,124.93,125.03
125.00,125.10,123.61,123.89
123.89,124.54,123.21,123.53
123.53,124.01,123.10,123.12
123.12,123.63,123.05,123.51
123.51,124.19,123.22,123.87
123.86,123.92,122.99,123.12
123.14,123.88,123.05,123.28
123.28,123.69,122.97,123.58
123.58,124.37,123.58,124.16
124.16,124.58,123.55,124.53
124.53,124.91,124.33,124.57
124.60,124.69,124.24,124.28
124.28,124.83,124.07,124.26
124.28,124.28,123.19,123.51
123.52,123.61,122.35,122.36
122.36,123.16,122.16,122.69
122.76,123.81,122.47,123.53
123.53,123.56,122.93,123.28
123.28,123.84,123.28,123.77
123.75,124.20,122.75,124.14
124.14,124.86,124.05,124.57
124.57,124.59,124.17,124.39
124.39,124.50,123.82,124.17
124.27,125.36,124.14,125.30
125.31,125.72,125.12,125.49
125.49,125.55,125.16,125.36
125.37,126.10,125.36,126.03
126.03,126.21,125.87,126.07
126.08,126.09,125.66,125.81
125.81,126.16,125.38,125.45
125.42,125.79,124.98,125.16
125.17,125.62,125.13,125.14
125.14,125.91,125.14,125.56
125.51,125.71,125.28,125.56
125.56,126.09,125.07,125.23
125.23,125.23,124.33,124.50
124.50,125.07,124.23,125.03
125.03,125.12,124.61,124.82
124.82,124.99,124.39,124.50
124.50,125.17,124.34,124.90
124.90,125.27,124.88,125.18
125.12,125.29,124.58,124.64
124.64,124.64,123.58,124.02
124.02,124.71,123.92,124.25
124.23,124.72,124.09,124.70
124.60,125.48,124.55,125.46
125.46,125.53,125.07,125.25
125.25,125.80,125.16,125.73
125.69,125.85,125.46,125.85
125.85,126.72,125.81,126.72
126.72,126.74,126.23,126.39
126.36,126.72,126.36,126.68
126.68,126.73,126.31,126.56
126.56,127.20,126.56,127.05
127.05,127.48,126.82,127.34
127.34,127.34,126.72,126.72
126.72,127.05,126.46,126.82
126.85,127.12,126.56,127.07
127.05,127.17,126.64,126.73
126.76,126.78,126.33,126.56
126.56,126.68,126.00,126.30
126.30,126.76,126.23,126.53
126.53,126.60,125.74,126.06
126.06,126.17,125.68,125.71
125.78,126.10,125.67,126.01
126.02,126.25,125.95,126.19
126.19,126.77,126.19,126.64
126.65,126.80,126.47,126.77
126.77,127.13,126.77,127.04
127.04,127.31,126.98,127.15
127.15,127.15,126.68,126.84
126.86,126.90,126.66,126.78
126.81,127.10,126.81,127.09
127.09,127.60,126.95,127.51
127.51,127.53,126.77,126.90
126.90,126.92,126.35,126.49
126.49,127.24,126.49,127.17
127.20,127.22,126.82,126.95
126.98,127.06,126.61,126.97
126.94,126.96,126.44,126.52
126.50,126.97,126.47,126.49
126.50,126.78,125.92,126.22
126.22,126.91,126.22,126.88
126.90,127.20,126.69,126.80
126.80,126.93,126.01,126.04
126.06,126.26,124.71,124.83
124.84,125.29,124.84,125.05
125.05,125.38,125.00,125.15
125.21,125.21,124.89,125.02
125.02,125.14,124.24,124.54
124.54,124.91,124.33,124.74
124.75,124.75,124.33,124.44
124.44,124.67,124.23,124.46
124.46,125.02,124.46,124.73
124.72,124.72,123.82,124.09
124.13,124.45,123.93,123.96
123.97,123.97,123.09,123.14
123.14,123.67,123.14,123.55
123.55,123.74,123.32,123.69
123.69,123.69,123.10,123.34
123.34,123.60,123.04,123.13
123.18,123.43,123.08,123.30
123.31,123.83,123.31,123.69
123.69,124.27,123.69,124.24
124.24,124.25,123.90,124.10
124.10,124.10,123.50,123.76
123.76,123.88,123.50,123.78
123.76,124.03,123.35,124.03
124.03,124.17,123.95,124.05
124.05,124.15,123.72,123.90
123.95,124.64,123.95,124.55
124.56,124.69,124.40,124.60
124.59,124.59,124.22,124.34
124.30,124.40,124.15,124.25
124.25,124.52,124.02,124.02
124.04,124.14,123.65,123.67
123.67,123.76,123.52,123.59
123.59,123.72,123.51,123.68
123.68,123.84,123.55,123.62
123.69,123.96,123.60,123.89
123.94,124.09,123.70,123.70
123.67,123.78,123.48,123.67
123.70,123.71,123.12,123.22
123.20,123.25,122.73,122.81
122.81,122.91,122.29,122.83
122.78,123.36,122.66,123.20
123.18,123.51,123.10,123.50
123.50,123.77,123.26,123.77
123.77,123.77,123.51,123.66
123.66,123.85,123.34,123.56
123.53,123.53,123.12,123.32
123.32,123.89,123.32,123.69
123.69,123.86,123.51,123.54
123.54,123.75,123.20,123.28
123.28,123.41,122.83,122.86
122.92,123.07,122.73,123.00
123.00,123.29,122.76,123.10
123.07,123.23,123.00,123.02
123.04,123.40,122.87,122.90
122.91,123.18,122.48,122.56
122.54,122.88,122.54,122.83
122.83,123.42,122.82,123.18
123.18,123.21,123.00,123.02
123.02,123.39,123.01,123.37
123.37,123.92,123.36,123.86
123.90,124.20,123.72,124.11
124.11,124.12,123.88,124.06
124.06,124.09,123.72,123.83
123.82,123.95,123.52,123.70
123.70,123.70,123.21,123.31
123.31,123.62,123.31,123.57
123.57,123.65,123.30,123.41
123.44,123.51,122.97,123.21
123.21,123.25,122.95,123.11
123.00,123.00,122.25,122.28
122.29,122.53,121.94,121.98
122.02,122.02,121.56,121.75
121.75,121.93,121.49,121.50
121.52,121.60,121.28,121.46
121.46,121.76,121.38,121.69
121.70,121.74,121.31,121.64
121.64,121.64,120.92,121.08
121.04,121.41,120.67,120.72
120.72,121.09,120.72,120.92
120.92,121.03,120.28,120.32
120.32,120.54,120.05,120.32
120.32,120.36,120.03,120.30
120.30,120.68,120.14,120.43
120.40,120.62,120.15,120.47
120.47,120.90,120.34,120.89
120.89,121.08,120.73,120.96
120.94,121.08,120.56,120.64
120.64,120.83,120.33,120.46
120.46,120.99,120.29,120.94
120.94,121.52,120.89,121.32
121.32,121.45,121.07,121.15
121.15,121.46,121.07,121.36
121.36,121.67,121.18,121.18
121.18,121.49,121.01,121.01
121.02,121.16,120.41,120.45
120.45,120.65,119.72,119.83
119.83,120.07,119.65,119.98
119.98,119.99,119.59,119.79
119.79,119.93,119.43,119.52
119.52,120.19,119.52,120.00
120.00,120.21,119.86,119.96
119.96,120.14,119.75,120.10
120.10,120.10,119.55,119.68
119.68,119.68,119.26,119.32
119.32,119.50,118.88,118.92
118.89,119.30,118.88,119.00
119.00,119.09,118.50,118.56
118.56,118.89,118.24,118.35
118.35,118.93,118.20,118.90
118.90,118.91,118.67,118.77
118.77,118.77,118.16,118.40
118.37,119.12,118.37,118.77
118.77,118.89,118.15,118.26
118.25,118.72,118.06,118.37
118.37,119.00,118.33,118.96
118.94,119.40,118.83,119.10
119.12,119.22,118.52,118.77
118.77,118.80,117.87,118.22
118.22,119.20,118.22,118.96
118.96,119.19,118.66,118.79
118.75,118.88,118.50,118.78
118.78,119.10,118.50,118.58
118.58,119.05,118.50,119.04
119.04,119.04,118.45,118.50
118.52,118.88,118.34,118.55
118.53,118.57,118.00,118.15
118.15,118.77,118.15,118.48
118.48,118.60,117.66,117.72
117.72,118.10,117.65,117.89
117.89,117.98,117.33,117.46
117.46,117.73,116.90,117.09
117.09,117.32,116.81,117.03
117.03,117.63,117.00,117.36
117.36,117.53,117.02,117.13
117.14,118.13,117.13,118.00
118.04,118.38,117.86,118.32
118.32,118.60,118.20,118.54
118.54,118.54,118.14,118.25
118.24,118.50,117.97,118.49
118.49,119.10,118.14,119.09
119.09,119.13,118.79,118.97
118.97,119.28,118.78,118.93
118.92,119.58,118.92,119.35
119.35,119.35,118.77,118.87
118.81,119.24,118.79,119.24
119.24,119.48,119.04,119.21
119.21,119.41,118.94,118.94
118.94,119.14,118.69,118.90
118.90,119.39,118.90,119.22
119.22,119.37,118.89,119.06
119.06,119.98,119.05,119.79
119.76,119.95,119.55,119.55
119.55,119.82,119.37,119.71
119.75,119.80,119.08,119.29
119.29,119.60,118.81,118.82
118.82,118.87,118.12,118.42
118.43,118.66,118.28,118.66
118.66,118.70,117.86,118.11
118.12,118.12,117.75,117.81
117.82,118.18,117.72,117.77
117.77,118.05,117.68,117.82
117.82,118.25,117.56,118.20
118.20,118.72,118.15,118.66
118.67,118.78,118.41,118.55
118.55,119.13,118.38,119.07
119.07,119.48,118.86,119.41
119.41,119.78,119.41,119.65
119.65,119.66,119.23,119.45
119.45,119.92,119.43,119.75
119.77,119.81,119.43,119.51
119.51,119.87,119.17,119.62
119.64,119.83,119.38,119.83
119.82,120.64,119.82,120.54
120.51,120.51,120.21,120.37
120.36,120.40,119.97,119.97
119.99,120.07,119.83,119.93
119.96,120.15,119.85,119.86
119.89,119.94,119.37,119.53
119.53,119.82,119.44,119.44
119.51,119.60,118.95,119.13
119.13,119.24,118.96,118.96
118.96,119.57,118.84,119.49
119.49,119.53,119.31,119.50
119.54,119.94,119.54,119.85
119.88,120.17,119.58,120.08
120.13,120.14,119.73,119.87
119.87,120.00,119.41,119.48
119.48,119.59,119.18,119.27
119.27,119.50,119.01,119.03
119.03,119.68,119.02,119.54
119.54,119.96,119.54,119.72
119.72,120.65,119.67,120.61
120.61,120.62,120.19,120.29
120.29,120.36,119.95,120.17
120.17,120.49,120.09,120.20
120.20,121.02,120.20,120.88
120.86,121.26,120.68,121.23
121.22,121.50,121.05,121.26
121.26,121.61,121.24,121.43
121.43,121.55,121.02,121.04
121.04,121.24,120.65,121.03
121.02,121.24,120.90,121.01
121.01,121.88,120.93,121.74
121.74,121.78,121.42,121.63
121.60,121.66,120.88,121.01
121.04,121.16,120.83,120.95
120.95,121.25,120.95,121.17
121.17,121.54,121.09,121.24
121.16,121.16,120.76,120.80
120.80,121.21,120.58,120.77
120.83,121.36,120.77,121.22
121.20,121.42,121.02,121.27
121.30,121.72,121.30,121.54
121.54,121.65,121.37,121.61
121.61,121.77,121.46,121.60
121.60,121.67,120.86,120.91
120.91,120.99,120.58,120.68
120.66,121.12,120.56,120.72
120.72,120.80,120.39,120.42
120.42,120.61,120.11,120.13
120.15,120.15,119.50,119.72
119.72,120.25,119.72,120.12
120.12,120.27,119.91,119.99
119.99,119.99,119.68,119.78
119.83,120.00,119.62,119.71
119.71,120.03,119.69,119.79
119.75,120.05,119.14,119.36
119.36,119.72,119.32,119.37
119.38,119.38,118.80,119.00
118.98,119.29,118.75,118.91
118.91,119.21,118.68,119.18
119.18,119.58,119.16,119.37
119.36,119.43,119.05,119.10
119.10,119.83,119.10,119.68
119.67,120.41,119.66,120.27
120.27,120.28,120.03,120.15
120.10,120.24,119.87,119.95
119.95,120.42,119.95,120.40
120.42,121.11,120.39,120.95
120.97,121.28,120.71,121.25
121.20,121.22,120.85,120.85
120.85,121.58,120.83,121.47
121.46,122.02,121.27,121.98
121.98,122.19,121.62,121.72
121.72,121.74,121.25,121.55
121.53,122.00,121.41,121.82
121.81,121.93,121.60,121.83
121.83,122.58,121.81,122.50
122.51,122.52,122.18,122.20
122.20,122.87,122.20,122.54
122.57,123.10,122.57,122.99
122.99,123.07,122.63,122.92
122.92,123.09,122.75,122.82
122.82,123.08,122.44,122.51
122.54,122.55,122.05,122.14
122.14,122.41,122.04,122.06
122.06,122.06,121.43,121.43
121.43,121.73,121.34,121.52
121.52,121.55,121.04,121.45
121.45,122.04,121.37,121.80
121.83,122.06,121.73,121.77
121.76,121.99,121.13,121.37
121.37,121.78,121.37,121.60
121.60,121.74,121.45,121.65
121.60,121.94,121.37,121.37
121.38,121.39,120.74,121.24
121.24,121.34,121.06,121.14
121.19,121.90,121.10,121.78
121.78,121.80,121.36,121.38
121.38,121.69,120.70,121.34
121.37,121.55,121.18,121.20
121.21,121.42,121.12,121.32
121.31,121.59,121.09,121.25
121.18,121.37,121.01,121.21
121.21,121.41,121.04,121.32
121.32,121.99,121.23,121.95
121.95,121.99,121.66,121.66
121.66,122.17,121.66,122.04
122.04,122.17,121.66,121.71
126.98,127.36,126.67,126.96
126.98,127.61,126.95,126.95
126.90,127.38,126.90,127.00
127.00,127.00,126.28,126.81
126.81,126.98,126.10,126.22
126.24,126.64,125.74,125.77
125.77,126.54,125.76,126.54
126.59,126.96,126.42,126.48
126.48,126.57,126.10,126.15
126.15,126.86,125.97,126.70
126.70,127.78,126.49,127.78
127.75,127.90,127.40,127.75
127.74,128.09,127.42,128.09
128.09,128.21,127.74,127.88
127.88,128.27,127.82,128.15
128.15,128.58,128.14,128.53
128.51,128.94,128.40,128.92
128.90,129.12,128.77,129.04
129.04,129.27,128.94,128.99
128.99,129.05,128.63,129.05
129.05,129.33,128.72,128.79
128.79,129.07,128.75,128.89
128.89,129.00,128.64,128.76
128.76,128.84,128.45,128.51
128.51,128.72,128.34,128.36
128.36,128.70,128.36,128.60
128.60,129.00,128.60,128.92
128.92,129.05,128.73,128.96
128.96,129.04,128.76,128.92
128.94,129.03,128.50,128.72
128.81,129.08,128.21,128.26
128.26,128.70,128.18,128.69
128.70,129.49,128.70,129.19
129.19,129.43,129.04,129.23
129.24,129.44,129.03,129.43
129.43,129.48,129.22,129.39
129.39,129.63,129.28,129.42
129.42,129.42,129.02,129.32
129.32,129.44,129.10,129.37
129.39,129.74,129.34,129.67
129.67,129.87,129.47,129.76
129.76,130.00,129.65,129.67
129.67,129.76,129.54,129.75
129.73,130.05,129.60,129.92
129.92,129.94,129.70,129.85
129.86,130.22,129.67,130.22
130.16,130.30,130.00,130.17
130.20,130.32,129.91,130.01
130.01,130.23,129.85,130.20
130.22,130.30,130.08,130.21
130.21,130.36,130.01,130.08
130.08,130.33,130.04,130.27
130.23,130.27,129.89,130.15
130.15,130.39,129.97,130.12
130.17,130.28,130.03,130.18
130.18,130.23,129.96,130.17
130.17,130.44,130.17,130.38
130.38,130.48,130.30,130.39
130.39,130.55,130.28,130.52
130.51,130.81,130.51,130.65
130.65,130.71,130.28,130.33
130.33,130.33,129.80,129.88
129.88,129.90,129.48,129.88
129.88,130.09,129.86,129.87
129.87,129.95,129.55,129.85
129.85,130.22,129.81,130.13
130.16,130.30,130.04,130.07
130.07,130.31,130.05,130.28
130.28,130.39,129.88,129.92
129.92,130.16,129.82,129.87
129.87,130.07,129.64,129.64
129.64,129.83,129.49,129.77
129.73,129.97,129.60,129.92
129.90,130.13,129.86,130.12
130.11,130.31,129.80,129.86
129.87,130.06,129.57,129.66
129.65,129.76,129.40,129.43
129.46,129.50,129.25,129.40
129.40,129.62,129.25,129.27
129.27,129.53,129.22,129.35
129.35,129.63,129.30,129.42
129.42,129.75,129.34,129.72
129.72,129.98,129.71,129.78
129.78,129.84,129.62,129.82
129.82,129.99,129.75,129.80
129.80,129.84,129.40,129.48
129.47,129.78,129.45,129.72
129.72,130.03,129.72,129.90
129.90,130.16,129.89,130.12
130.12,130.28,130.08,130.22
130.22,130.32,129.95,130.09
130.12,130.20,129.86,129.86
129.91,130.16,129.87,130.05
130.05,130.10,129.74,129.79
129.79,130.15,129.75,130.07
130.07,130.34,129.98,130.32
130.31,130.50,130.26,130.35
130.35,130.46,130.27,130.42
130.42,130.42,130.12,130.16
130.17,130.34,129.99,130.03
130.03,130.07,129.35,129.41
129.41,129.53,129.10,129.13
129.13,129.18,128.92,128.95
128.95,129.21,128.78,129.15
129.15,129.26,129.03,129.18
129.17,129.52,129.07,129.37
129.38,129.64,129.37,129.64
129.63,129.87,129.59,129.72
129.72,129.81,129.69,129.77
129.77,129.77,129.62,129.62
129.62,129.97,129.58,129.79
129.82,130.09,129.82,129.94
129.94,130.09,129.68,129.75
129.66,130.04,129.66,129.78
129.81,130.04,129.80,129.93
129.93,130.05,129.80,129.95
129.95,130.08,129.83,129.88
129.88,129.97,129.79,129.79
129.80,130.12,129.79,130.06
130.06,130.26,130.01,130.21
130.26,130.49,130.25,130.49
130.49,130.51,130.24,130.28
130.28,130.40,130.25,130.25
130.24,130.24,129.84,129.94
129.94,130.13,129.79,130.10
130.10,130.42,130.10,130.21
130.18,130.28,130.11,130.18
130.14,130.24,129.81,129.91
129.91,130.06,129.55,129.68
129.71,130.21,129.71,130.18
130.18,130.32,130.10,130.32
130.29,130.36,130.15,130.23
130.23,130.39,130.20,130.29
130.29,130.48,130.29,130.42
130.44,130.48,130.24,130.37
130.37,130.49,130.04,130.05
130.07,130.27,130.01,130.14
130.14,130.23,129.70,129.80
129.80,129.87,129.51,129.64
129.64,129.79,129.56,129.67
129.67,129.99,129.67,129.99
130.00,130.08,129.64,129.67
129.67,130.09,129.67,130.07
130.09,130.23,130.02,130.13
130.13,130.22,130.06,130.13
130.13,130.23,130.03,130.23
130.20,130.20,129.96,130.15
130.15,130.26,129.91,130.24
130.24,130.31,130.09,130.29
130.29,130.29,130.00,130.00
130.00,130.30,129.69,130.25
130.28,130.48,130.28,130.48
130.48,130.48,130.29,130.37
130.34,130.47,130.31,130.40
130.42,130.55,130.38,130.40
130.40,130.49,130.09,130.32
130.32,130.34,130.09,130.21
130.21,130.21,129.93,130.03
130.02,130.14,129.95,130.08
130.11,130.21,130.07,130.17
130.17,130.33,130.03,130.07
130.07,130.11,129.90,130.01
130.02,130.11,129.88,130.00
130.00,130.00,129.80,129.97
129.97,130.00,129.41,129.47
129.47,129.57,129.35,129.35
129.35,129.69,129.35,129.69
129.69,129.75,129.55,129.66
129.66,129.72,129.50,129.53
129.56,129.56,129.10,129.11
129.11,129.17,128.76,128.82
128.82,128.88,128.52,128.68
128.68,128.86,128.59,128.82
128.82,128.88,128.55,128.59
128.59,128.82,128.54,128.76
128.77,128.91,128.60,128.83
128.83,129.04,128.77,128.99
128.99,129.13,128.94,129.04
129.04,129.04,128.47,128.49
128.49,128.78,128.46,128.69
128.69,129.04,128.69,128.88
128.88,128.88,128.50,128.55
128.55,128.56,128.26,128.32
128.32,128.40,128.24,128.32
128.33,128.38,128.13,128.19
128.19,128.36,128.02,128.23
128.23,128.47,128.17,128.43
128.43,128.65,128.43,128.49
128.48,128.49,128.08,128.17
128.15,128.28,128.12,128.19
128.19,128.52,128.10,128.45
128.45,128.57,128.33,128.44
128.47,128.70,128.46,128.58
128.58,128.90,128.46,128.82
128.85,128.94,128.67,128.72
128.71,128.76,128.55,128.58
128.58,128.79,128.58,128.58
128.58,128.76,128.48,128.73
128.74,128.86,128.42,128.44
128.43,128.53,128.30,128.32
128.32,128.69,128.25,128.67
128.64,128.70,128.51,128.70
128.65,128.66,128.37,128.54
128.54,128.54,128.28,128.34
128.34,128.43,127.73,127.86
127.86,128.02,127.78,127.80
127.80,128.08,127.80,127.91
127.91,128.06,127.81,127.92
127.92,128.16,127.86,128.11
128.10,128.41,128.05,128.36
128.36,128.77,128.36,128.72
128.73,128.79,128.63,128.75
128.75,128.75,128.38,128.38
128.38,128.55,128.29,128.32
128.32,128.38,127.92,127.95
127.97,128.12,127.78,127.78
127.77,127.92,127.25,127.33
127.33,127.60,127.28,127.51
127.51,127.52,127.30,127.34
127.31,127.44,127.28,127.43
127.43,127.63,127.31,127.51
127.51,127.54,127.17,127.24
127.24,127.51,127.20,127.25
127.25,127.56,127.25,127.55
127.55,127.65,127.38,127.41
127.40,127.40,126.85,126.99
126.99,127.04,126.50,126.53
126.53,126.81,126.52,126.71
126.71,126.82,126.35,126.42
126.40,126.42,126.10,126.31
126.31,126.59,126.28,126.58
126.54,126.59,126.38,126.38
126.38,126.38,125.88,125.91
125.91,126.36,125.81,126.32
126.33,126.49,126.29,126.37
126.37,126.49,126.11,126.47
126.47,126.50,126.29,126.40
126.40,126.65,126.12,126.64
126.64,126.86,126.59,126.84
126.85,126.85,126.62,126.75
126.71,126.97,126.42,126.45
126.45,126.55,125.88,125.88
125.88,125.95,125.08,125.22
125.22,125.79,125.22,125.52
125.52,125.91,125.52,125.83
125.84,126.01,125.66,125.95
125.93,126.19,125.87,126.17
126.15,126.56,126.15,126.31
126.31,126.34,126.03,126.16
126.16,126.47,126.08,126.41
126.41,126.62,126.28,126.33
126.30,126.61,126.20,126.33
126.33,126.70,126.33,126.58
126.58,126.70,126.48,126.67
126.67,126.73,126.49,126.51
126.51,126.96,126.26,126.91
126.92,127.02,126.87,126.87
126.87,127.19,126.82,127.07
127.07,127.37,127.06,127.33
127.33,127.39,127.23,127.25
127.23,127.29,127.09,127.20
127.19,127.47,127.18,127.40
127.40,127.46,127.32,127.35
127.35,127.45,127.29,127.45
127.45,127.52,127.39,127.39
127.40,127.57,127.35,127.45
127.41,127.46,127.27,127.32
127.32,127.48,127.32,127.45
127.45,127.47,127.24,127.27
127.27,127.47,127.27,127.32
127.30,127.33,126.80,126.90
126.90,126.92,126.90,126.91
